<?xml version="1.0" encoding="UTF-8"?>
<questestinterop xmlns="http://www.imsglobal.org/xsd/ims_qtiasiv1p2" xmlns:xsi="http://www.w3.org/2001/XMLSchema-instance" xsi:schemaLocation="http://www.imsglobal.org/xsd/ims_qtiasiv1p2 http://www.imsglobal.org/xsd/ims_qtiasiv1p2p1.xsd">
  <assessment ident="text2qti_assessment_29b715dc05807af0a144050c1e261a0c7c9c7ae8b15a5aa53a63cdf8cb31bb14" title="Quiz">
    <qtimetadata>
      <qtimetadatafield>
        <fieldlabel>cc_maxattempts</fieldlabel>
        <fieldentry>1</fieldentry>
      </qtimetadatafield>
    </qtimetadata>
    <section ident="root_section">
      <item ident="text2qti_question_68f8a2333a6b8a74242f3da94fafee74bfdd7f1e4d220d04711e1e675186c8ad" title="Question">
        <itemmetadata>
          <qtimetadata>
            <qtimetadatafield>
              <fieldlabel>question_type</fieldlabel>
              <fieldentry>numerical_question</fieldentry>
            </qtimetadatafield>
            <qtimetadatafield>
              <fieldlabel>points_possible</fieldlabel>
              <fieldentry>1</fieldentry>
            </qtimetadatafield>
            <qtimetadatafield>
              <fieldlabel>original_answer_ids</fieldlabel>
              <fieldentry>text2qti_numerical_68f8a2333a6b8a74242f3da94fafee74bfdd7f1e4d220d04711e1e675186c8ad</fieldentry>
            </qtimetadatafield>
            <qtimetadatafield>
              <fieldlabel>assessment_question_identifierref</fieldlabel>
              <fieldentry>text2qti_question_ref_68f8a2333a6b8a74242f3da94fafee74bfdd7f1e4d220d04711e1e675186c8ad</fieldentry>
            </qtimetadatafield>
          </qtimetadata>
        </itemmetadata>
        <presentation>
          <material>
            <mattext texttype="text/html">&lt;p&gt;What is the mean of the column &amp;ldquo;age&amp;rdquo;?&lt;/p&gt;</mattext>
          </material>
          <response_str ident="response1" rcardinality="Single">
            <render_fib fibtype="Decimal">
              <response_label ident="answer1"/>
            </render_fib>
          </response_str>
        </presentation>
        <resprocessing>
          <outcomes>
            <decvar maxvalue="100" minvalue="0" varname="SCORE" vartype="Decimal"/>
          </outcomes>
          <respcondition continue="No">
            <conditionvar>
              <or>
                <varequal respident="response1">39.2070</varequal>
                <and>
                  <vargte respident="response1">39.1070</vargte>
                  <varlte respident="response1">39.3070</varlte>
                </and>
              </or>
            </conditionvar>
            <setvar action="Set" varname="SCORE">100</setvar>
          </respcondition>
        </resprocessing>
      </item>
      <item ident="text2qti_question_5799d2b478ddfbb4b3b956bc9ce3ec87db7cb2e19ac860b05b0b4b25602a03c2" title="Question">
        <itemmetadata>
          <qtimetadata>
            <qtimetadatafield>
              <fieldlabel>question_type</fieldlabel>
              <fieldentry>numerical_question</fieldentry>
            </qtimetadatafield>
            <qtimetadatafield>
              <fieldlabel>points_possible</fieldlabel>
              <fieldentry>1</fieldentry>
            </qtimetadatafield>
            <qtimetadatafield>
              <fieldlabel>original_answer_ids</fieldlabel>
              <fieldentry>text2qti_numerical_5799d2b478ddfbb4b3b956bc9ce3ec87db7cb2e19ac860b05b0b4b25602a03c2</fieldentry>
            </qtimetadatafield>
            <qtimetadatafield>
              <fieldlabel>assessment_question_identifierref</fieldlabel>
              <fieldentry>text2qti_question_ref_5799d2b478ddfbb4b3b956bc9ce3ec87db7cb2e19ac860b05b0b4b25602a03c2</fieldentry>
            </qtimetadatafield>
          </qtimetadata>
        </itemmetadata>
        <presentation>
          <material>
            <mattext texttype="text/html">&lt;p&gt;What is the standard deviation of the column &amp;ldquo;age&amp;rdquo;?&lt;/p&gt;</mattext>
          </material>
          <response_str ident="response1" rcardinality="Single">
            <render_fib fibtype="Decimal">
              <response_label ident="answer1"/>
            </render_fib>
          </response_str>
        </presentation>
        <resprocessing>
          <outcomes>
            <decvar maxvalue="100" minvalue="0" varname="SCORE" vartype="Decimal"/>
          </outcomes>
          <respcondition continue="No">
            <conditionvar>
              <or>
                <varequal respident="response1">14.0500</varequal>
                <and>
                  <vargte respident="response1">13.9500</vargte>
                  <varlte respident="response1">14.1500</varlte>
                </and>
              </or>
            </conditionvar>
            <setvar action="Set" varname="SCORE">100</setvar>
          </respcondition>
        </resprocessing>
      </item>
      <item ident="text2qti_question_e844b381d779d3c1b69bbcdb1b2965f089c25e052a0d4d4658019ac593dba790" title="Question">
        <itemmetadata>
          <qtimetadata>
            <qtimetadatafield>
              <fieldlabel>question_type</fieldlabel>
              <fieldentry>numerical_question</fieldentry>
            </qtimetadatafield>
            <qtimetadatafield>
              <fieldlabel>points_possible</fieldlabel>
              <fieldentry>1</fieldentry>
            </qtimetadatafield>
            <qtimetadatafield>
              <fieldlabel>original_answer_ids</fieldlabel>
              <fieldentry>text2qti_numerical_e844b381d779d3c1b69bbcdb1b2965f089c25e052a0d4d4658019ac593dba790</fieldentry>
            </qtimetadatafield>
            <qtimetadatafield>
              <fieldlabel>assessment_question_identifierref</fieldlabel>
              <fieldentry>text2qti_question_ref_e844b381d779d3c1b69bbcdb1b2965f089c25e052a0d4d4658019ac593dba790</fieldentry>
            </qtimetadatafield>
          </qtimetadata>
        </itemmetadata>
        <presentation>
          <material>
            <mattext texttype="text/html">&lt;p&gt;What is the median of the column &amp;ldquo;age&amp;rdquo;?&lt;/p&gt;</mattext>
          </material>
          <response_str ident="response1" rcardinality="Single">
            <render_fib fibtype="Decimal">
              <response_label ident="answer1"/>
            </render_fib>
          </response_str>
        </presentation>
        <resprocessing>
          <outcomes>
            <decvar maxvalue="100" minvalue="0" varname="SCORE" vartype="Decimal"/>
          </outcomes>
          <respcondition continue="No">
            <conditionvar>
              <or>
                <varequal respident="response1">39.0000</varequal>
                <and>
                  <vargte respident="response1">38.9000</vargte>
                  <varlte respident="response1">39.1000</varlte>
                </and>
              </or>
            </conditionvar>
            <setvar action="Set" varname="SCORE">100</setvar>
          </respcondition>
        </resprocessing>
      </item>
      <item ident="text2qti_question_b947ffa8d75859c75b7a2e7eed0a678c13167095add00b8acd9474b4abcdeb87" title="Question">
        <itemmetadata>
          <qtimetadata>
            <qtimetadatafield>
              <fieldlabel>question_type</fieldlabel>
              <fieldentry>numerical_question</fieldentry>
            </qtimetadatafield>
            <qtimetadatafield>
              <fieldlabel>points_possible</fieldlabel>
              <fieldentry>1</fieldentry>
            </qtimetadatafield>
            <qtimetadatafield>
              <fieldlabel>original_answer_ids</fieldlabel>
              <fieldentry>text2qti_numerical_b947ffa8d75859c75b7a2e7eed0a678c13167095add00b8acd9474b4abcdeb87</fieldentry>
            </qtimetadatafield>
            <qtimetadatafield>
              <fieldlabel>assessment_question_identifierref</fieldlabel>
              <fieldentry>text2qti_question_ref_b947ffa8d75859c75b7a2e7eed0a678c13167095add00b8acd9474b4abcdeb87</fieldentry>
            </qtimetadatafield>
          </qtimetadata>
        </itemmetadata>
        <presentation>
          <material>
            <mattext texttype="text/html">&lt;p&gt;What is the minimum of the column &amp;ldquo;age&amp;rdquo;?&lt;/p&gt;</mattext>
          </material>
          <response_str ident="response1" rcardinality="Single">
            <render_fib fibtype="Decimal">
              <response_label ident="answer1"/>
            </render_fib>
          </response_str>
        </presentation>
        <resprocessing>
          <outcomes>
            <decvar maxvalue="100" minvalue="0" varname="SCORE" vartype="Decimal"/>
          </outcomes>
          <respcondition continue="No">
            <conditionvar>
              <or>
                <varequal respident="response1">18.0000</varequal>
                <and>
                  <vargte respident="response1">17.9000</vargte>
                  <varlte respident="response1">18.1000</varlte>
                </and>
              </or>
            </conditionvar>
            <setvar action="Set" varname="SCORE">100</setvar>
          </respcondition>
        </resprocessing>
      </item>
      <item ident="text2qti_question_7ce05eaa0df5cf1cf867e37fc1d2a558b99b4e822a0d03e7efb04d82128b6bdf" title="Question">
        <itemmetadata>
          <qtimetadata>
            <qtimetadatafield>
              <fieldlabel>question_type</fieldlabel>
              <fieldentry>numerical_question</fieldentry>
            </qtimetadatafield>
            <qtimetadatafield>
              <fieldlabel>points_possible</fieldlabel>
              <fieldentry>1</fieldentry>
            </qtimetadatafield>
            <qtimetadatafield>
              <fieldlabel>original_answer_ids</fieldlabel>
              <fieldentry>text2qti_numerical_7ce05eaa0df5cf1cf867e37fc1d2a558b99b4e822a0d03e7efb04d82128b6bdf</fieldentry>
            </qtimetadatafield>
            <qtimetadatafield>
              <fieldlabel>assessment_question_identifierref</fieldlabel>
              <fieldentry>text2qti_question_ref_7ce05eaa0df5cf1cf867e37fc1d2a558b99b4e822a0d03e7efb04d82128b6bdf</fieldentry>
            </qtimetadatafield>
          </qtimetadata>
        </itemmetadata>
        <presentation>
          <material>
            <mattext texttype="text/html">&lt;p&gt;What is the maximum of the column &amp;ldquo;age&amp;rdquo;?&lt;/p&gt;</mattext>
          </material>
          <response_str ident="response1" rcardinality="Single">
            <render_fib fibtype="Decimal">
              <response_label ident="answer1"/>
            </render_fib>
          </response_str>
        </presentation>
        <resprocessing>
          <outcomes>
            <decvar maxvalue="100" minvalue="0" varname="SCORE" vartype="Decimal"/>
          </outcomes>
          <respcondition continue="No">
            <conditionvar>
              <or>
                <varequal respident="response1">64.0000</varequal>
                <and>
                  <vargte respident="response1">63.9000</vargte>
                  <varlte respident="response1">64.1000</varlte>
                </and>
              </or>
            </conditionvar>
            <setvar action="Set" varname="SCORE">100</setvar>
          </respcondition>
        </resprocessing>
      </item>
      <item ident="text2qti_question_9b67df5ece761646ecbf38384ad7f3d2f388c7828aac4cfbe8e236db60925960" title="Question">
        <itemmetadata>
          <qtimetadata>
            <qtimetadatafield>
              <fieldlabel>question_type</fieldlabel>
              <fieldentry>numerical_question</fieldentry>
            </qtimetadatafield>
            <qtimetadatafield>
              <fieldlabel>points_possible</fieldlabel>
              <fieldentry>1</fieldentry>
            </qtimetadatafield>
            <qtimetadatafield>
              <fieldlabel>original_answer_ids</fieldlabel>
              <fieldentry>text2qti_numerical_9b67df5ece761646ecbf38384ad7f3d2f388c7828aac4cfbe8e236db60925960</fieldentry>
            </qtimetadatafield>
            <qtimetadatafield>
              <fieldlabel>assessment_question_identifierref</fieldlabel>
              <fieldentry>text2qti_question_ref_9b67df5ece761646ecbf38384ad7f3d2f388c7828aac4cfbe8e236db60925960</fieldentry>
            </qtimetadatafield>
          </qtimetadata>
        </itemmetadata>
        <presentation>
          <material>
            <mattext texttype="text/html">&lt;p&gt;What is the mean of the column &amp;ldquo;bmi&amp;rdquo;?&lt;/p&gt;</mattext>
          </material>
          <response_str ident="response1" rcardinality="Single">
            <render_fib fibtype="Decimal">
              <response_label ident="answer1"/>
            </render_fib>
          </response_str>
        </presentation>
        <resprocessing>
          <outcomes>
            <decvar maxvalue="100" minvalue="0" varname="SCORE" vartype="Decimal"/>
          </outcomes>
          <respcondition continue="No">
            <conditionvar>
              <or>
                <varequal respident="response1">30.6634</varequal>
                <and>
                  <vargte respident="response1">30.5634</vargte>
                  <varlte respident="response1">30.7634</varlte>
                </and>
              </or>
            </conditionvar>
            <setvar action="Set" varname="SCORE">100</setvar>
          </respcondition>
        </resprocessing>
      </item>
      <item ident="text2qti_question_0e94518115c99299ca24d8b666ee092fd31e370c0c0653b14ebf84620a0d5089" title="Question">
        <itemmetadata>
          <qtimetadata>
            <qtimetadatafield>
              <fieldlabel>question_type</fieldlabel>
              <fieldentry>numerical_question</fieldentry>
            </qtimetadatafield>
            <qtimetadatafield>
              <fieldlabel>points_possible</fieldlabel>
              <fieldentry>1</fieldentry>
            </qtimetadatafield>
            <qtimetadatafield>
              <fieldlabel>original_answer_ids</fieldlabel>
              <fieldentry>text2qti_numerical_0e94518115c99299ca24d8b666ee092fd31e370c0c0653b14ebf84620a0d5089</fieldentry>
            </qtimetadatafield>
            <qtimetadatafield>
              <fieldlabel>assessment_question_identifierref</fieldlabel>
              <fieldentry>text2qti_question_ref_0e94518115c99299ca24d8b666ee092fd31e370c0c0653b14ebf84620a0d5089</fieldentry>
            </qtimetadatafield>
          </qtimetadata>
        </itemmetadata>
        <presentation>
          <material>
            <mattext texttype="text/html">&lt;p&gt;What is the standard deviation of the column &amp;ldquo;bmi&amp;rdquo;?&lt;/p&gt;</mattext>
          </material>
          <response_str ident="response1" rcardinality="Single">
            <render_fib fibtype="Decimal">
              <response_label ident="answer1"/>
            </render_fib>
          </response_str>
        </presentation>
        <resprocessing>
          <outcomes>
            <decvar maxvalue="100" minvalue="0" varname="SCORE" vartype="Decimal"/>
          </outcomes>
          <respcondition continue="No">
            <conditionvar>
              <or>
                <varequal respident="response1">6.0982</varequal>
                <and>
                  <vargte respident="response1">5.9982</vargte>
                  <varlte respident="response1">6.1982</varlte>
                </and>
              </or>
            </conditionvar>
            <setvar action="Set" varname="SCORE">100</setvar>
          </respcondition>
        </resprocessing>
      </item>
      <item ident="text2qti_question_3469989cfd115c64dcdb8e3b06c0fa4b28b9a88cc42f6d94e5d3a6d8c1949f87" title="Question">
        <itemmetadata>
          <qtimetadata>
            <qtimetadatafield>
              <fieldlabel>question_type</fieldlabel>
              <fieldentry>numerical_question</fieldentry>
            </qtimetadatafield>
            <qtimetadatafield>
              <fieldlabel>points_possible</fieldlabel>
              <fieldentry>1</fieldentry>
            </qtimetadatafield>
            <qtimetadatafield>
              <fieldlabel>original_answer_ids</fieldlabel>
              <fieldentry>text2qti_numerical_3469989cfd115c64dcdb8e3b06c0fa4b28b9a88cc42f6d94e5d3a6d8c1949f87</fieldentry>
            </qtimetadatafield>
            <qtimetadatafield>
              <fieldlabel>assessment_question_identifierref</fieldlabel>
              <fieldentry>text2qti_question_ref_3469989cfd115c64dcdb8e3b06c0fa4b28b9a88cc42f6d94e5d3a6d8c1949f87</fieldentry>
            </qtimetadatafield>
          </qtimetadata>
        </itemmetadata>
        <presentation>
          <material>
            <mattext texttype="text/html">&lt;p&gt;What is the median of the column &amp;ldquo;bmi&amp;rdquo;?&lt;/p&gt;</mattext>
          </material>
          <response_str ident="response1" rcardinality="Single">
            <render_fib fibtype="Decimal">
              <response_label ident="answer1"/>
            </render_fib>
          </response_str>
        </presentation>
        <resprocessing>
          <outcomes>
            <decvar maxvalue="100" minvalue="0" varname="SCORE" vartype="Decimal"/>
          </outcomes>
          <respcondition continue="No">
            <conditionvar>
              <or>
                <varequal respident="response1">30.4000</varequal>
                <and>
                  <vargte respident="response1">30.3000</vargte>
                  <varlte respident="response1">30.5000</varlte>
                </and>
              </or>
            </conditionvar>
            <setvar action="Set" varname="SCORE">100</setvar>
          </respcondition>
        </resprocessing>
      </item>
      <item ident="text2qti_question_ef6d223eefc1e913d899c217b36f82810d49e73d9c9d5ee287ef49760472edfb" title="Question">
        <itemmetadata>
          <qtimetadata>
            <qtimetadatafield>
              <fieldlabel>question_type</fieldlabel>
              <fieldentry>numerical_question</fieldentry>
            </qtimetadatafield>
            <qtimetadatafield>
              <fieldlabel>points_possible</fieldlabel>
              <fieldentry>1</fieldentry>
            </qtimetadatafield>
            <qtimetadatafield>
              <fieldlabel>original_answer_ids</fieldlabel>
              <fieldentry>text2qti_numerical_ef6d223eefc1e913d899c217b36f82810d49e73d9c9d5ee287ef49760472edfb</fieldentry>
            </qtimetadatafield>
            <qtimetadatafield>
              <fieldlabel>assessment_question_identifierref</fieldlabel>
              <fieldentry>text2qti_question_ref_ef6d223eefc1e913d899c217b36f82810d49e73d9c9d5ee287ef49760472edfb</fieldentry>
            </qtimetadatafield>
          </qtimetadata>
        </itemmetadata>
        <presentation>
          <material>
            <mattext texttype="text/html">&lt;p&gt;What is the minimum of the column &amp;ldquo;bmi&amp;rdquo;?&lt;/p&gt;</mattext>
          </material>
          <response_str ident="response1" rcardinality="Single">
            <render_fib fibtype="Decimal">
              <response_label ident="answer1"/>
            </render_fib>
          </response_str>
        </presentation>
        <resprocessing>
          <outcomes>
            <decvar maxvalue="100" minvalue="0" varname="SCORE" vartype="Decimal"/>
          </outcomes>
          <respcondition continue="No">
            <conditionvar>
              <or>
                <varequal respident="response1">15.9600</varequal>
                <and>
                  <vargte respident="response1">15.8600</vargte>
                  <varlte respident="response1">16.0600</varlte>
                </and>
              </or>
            </conditionvar>
            <setvar action="Set" varname="SCORE">100</setvar>
          </respcondition>
        </resprocessing>
      </item>
      <item ident="text2qti_question_07eec6879ccd4603ff8d44f3a906a0b2170749555a3583b7eba5b44832ebdb03" title="Question">
        <itemmetadata>
          <qtimetadata>
            <qtimetadatafield>
              <fieldlabel>question_type</fieldlabel>
              <fieldentry>numerical_question</fieldentry>
            </qtimetadatafield>
            <qtimetadatafield>
              <fieldlabel>points_possible</fieldlabel>
              <fieldentry>1</fieldentry>
            </qtimetadatafield>
            <qtimetadatafield>
              <fieldlabel>original_answer_ids</fieldlabel>
              <fieldentry>text2qti_numerical_07eec6879ccd4603ff8d44f3a906a0b2170749555a3583b7eba5b44832ebdb03</fieldentry>
            </qtimetadatafield>
            <qtimetadatafield>
              <fieldlabel>assessment_question_identifierref</fieldlabel>
              <fieldentry>text2qti_question_ref_07eec6879ccd4603ff8d44f3a906a0b2170749555a3583b7eba5b44832ebdb03</fieldentry>
            </qtimetadatafield>
          </qtimetadata>
        </itemmetadata>
        <presentation>
          <material>
            <mattext texttype="text/html">&lt;p&gt;What is the maximum of the column &amp;ldquo;bmi&amp;rdquo;?&lt;/p&gt;</mattext>
          </material>
          <response_str ident="response1" rcardinality="Single">
            <render_fib fibtype="Decimal">
              <response_label ident="answer1"/>
            </render_fib>
          </response_str>
        </presentation>
        <resprocessing>
          <outcomes>
            <decvar maxvalue="100" minvalue="0" varname="SCORE" vartype="Decimal"/>
          </outcomes>
          <respcondition continue="No">
            <conditionvar>
              <or>
                <varequal respident="response1">53.1300</varequal>
                <and>
                  <vargte respident="response1">53.0300</vargte>
                  <varlte respident="response1">53.2300</varlte>
                </and>
              </or>
            </conditionvar>
            <setvar action="Set" varname="SCORE">100</setvar>
          </respcondition>
        </resprocessing>
      </item>
      <item ident="text2qti_question_d965450181cbd4dba1cc467beaf64d7303106fa0cba24c014d13e02de9719b89" title="Question">
        <itemmetadata>
          <qtimetadata>
            <qtimetadatafield>
              <fieldlabel>question_type</fieldlabel>
              <fieldentry>numerical_question</fieldentry>
            </qtimetadatafield>
            <qtimetadatafield>
              <fieldlabel>points_possible</fieldlabel>
              <fieldentry>1</fieldentry>
            </qtimetadatafield>
            <qtimetadatafield>
              <fieldlabel>original_answer_ids</fieldlabel>
              <fieldentry>text2qti_numerical_d965450181cbd4dba1cc467beaf64d7303106fa0cba24c014d13e02de9719b89</fieldentry>
            </qtimetadatafield>
            <qtimetadatafield>
              <fieldlabel>assessment_question_identifierref</fieldlabel>
              <fieldentry>text2qti_question_ref_d965450181cbd4dba1cc467beaf64d7303106fa0cba24c014d13e02de9719b89</fieldentry>
            </qtimetadatafield>
          </qtimetadata>
        </itemmetadata>
        <presentation>
          <material>
            <mattext texttype="text/html">&lt;p&gt;What is the mean of the column &amp;ldquo;children&amp;rdquo;?&lt;/p&gt;</mattext>
          </material>
          <response_str ident="response1" rcardinality="Single">
            <render_fib fibtype="Decimal">
              <response_label ident="answer1"/>
            </render_fib>
          </response_str>
        </presentation>
        <resprocessing>
          <outcomes>
            <decvar maxvalue="100" minvalue="0" varname="SCORE" vartype="Decimal"/>
          </outcomes>
          <respcondition continue="No">
            <conditionvar>
              <or>
                <varequal respident="response1">1.0949</varequal>
                <and>
                  <vargte respident="response1">0.9949</vargte>
                  <varlte respident="response1">1.1949</varlte>
                </and>
              </or>
            </conditionvar>
            <setvar action="Set" varname="SCORE">100</setvar>
          </respcondition>
        </resprocessing>
      </item>
      <item ident="text2qti_question_07a386bf3321c93074ed12d26d330ec7da1df7a60e01af9cacdf4ba75c7c6e84" title="Question">
        <itemmetadata>
          <qtimetadata>
            <qtimetadatafield>
              <fieldlabel>question_type</fieldlabel>
              <fieldentry>numerical_question</fieldentry>
            </qtimetadatafield>
            <qtimetadatafield>
              <fieldlabel>points_possible</fieldlabel>
              <fieldentry>1</fieldentry>
            </qtimetadatafield>
            <qtimetadatafield>
              <fieldlabel>original_answer_ids</fieldlabel>
              <fieldentry>text2qti_numerical_07a386bf3321c93074ed12d26d330ec7da1df7a60e01af9cacdf4ba75c7c6e84</fieldentry>
            </qtimetadatafield>
            <qtimetadatafield>
              <fieldlabel>assessment_question_identifierref</fieldlabel>
              <fieldentry>text2qti_question_ref_07a386bf3321c93074ed12d26d330ec7da1df7a60e01af9cacdf4ba75c7c6e84</fieldentry>
            </qtimetadatafield>
          </qtimetadata>
        </itemmetadata>
        <presentation>
          <material>
            <mattext texttype="text/html">&lt;p&gt;What is the standard deviation of the column &amp;ldquo;children&amp;rdquo;?&lt;/p&gt;</mattext>
          </material>
          <response_str ident="response1" rcardinality="Single">
            <render_fib fibtype="Decimal">
              <response_label ident="answer1"/>
            </render_fib>
          </response_str>
        </presentation>
        <resprocessing>
          <outcomes>
            <decvar maxvalue="100" minvalue="0" varname="SCORE" vartype="Decimal"/>
          </outcomes>
          <respcondition continue="No">
            <conditionvar>
              <or>
                <varequal respident="response1">1.2055</varequal>
                <and>
                  <vargte respident="response1">1.1055</vargte>
                  <varlte respident="response1">1.3055</varlte>
                </and>
              </or>
            </conditionvar>
            <setvar action="Set" varname="SCORE">100</setvar>
          </respcondition>
        </resprocessing>
      </item>
      <item ident="text2qti_question_3343ae6d6852a14dbe5bc4a4bd09049290f63429ffa217962a485569b76bb8f2" title="Question">
        <itemmetadata>
          <qtimetadata>
            <qtimetadatafield>
              <fieldlabel>question_type</fieldlabel>
              <fieldentry>numerical_question</fieldentry>
            </qtimetadatafield>
            <qtimetadatafield>
              <fieldlabel>points_possible</fieldlabel>
              <fieldentry>1</fieldentry>
            </qtimetadatafield>
            <qtimetadatafield>
              <fieldlabel>original_answer_ids</fieldlabel>
              <fieldentry>text2qti_numerical_3343ae6d6852a14dbe5bc4a4bd09049290f63429ffa217962a485569b76bb8f2</fieldentry>
            </qtimetadatafield>
            <qtimetadatafield>
              <fieldlabel>assessment_question_identifierref</fieldlabel>
              <fieldentry>text2qti_question_ref_3343ae6d6852a14dbe5bc4a4bd09049290f63429ffa217962a485569b76bb8f2</fieldentry>
            </qtimetadatafield>
          </qtimetadata>
        </itemmetadata>
        <presentation>
          <material>
            <mattext texttype="text/html">&lt;p&gt;What is the median of the column &amp;ldquo;children&amp;rdquo;?&lt;/p&gt;</mattext>
          </material>
          <response_str ident="response1" rcardinality="Single">
            <render_fib fibtype="Decimal">
              <response_label ident="answer1"/>
            </render_fib>
          </response_str>
        </presentation>
        <resprocessing>
          <outcomes>
            <decvar maxvalue="100" minvalue="0" varname="SCORE" vartype="Decimal"/>
          </outcomes>
          <respcondition continue="No">
            <conditionvar>
              <or>
                <varequal respident="response1">1.0000</varequal>
                <and>
                  <vargte respident="response1">0.9000</vargte>
                  <varlte respident="response1">1.1000</varlte>
                </and>
              </or>
            </conditionvar>
            <setvar action="Set" varname="SCORE">100</setvar>
          </respcondition>
        </resprocessing>
      </item>
      <item ident="text2qti_question_22e5c292d9987e0c6731d557b2dce53b03717f209a71d24f78a9777e48b75dc8" title="Question">
        <itemmetadata>
          <qtimetadata>
            <qtimetadatafield>
              <fieldlabel>question_type</fieldlabel>
              <fieldentry>numerical_question</fieldentry>
            </qtimetadatafield>
            <qtimetadatafield>
              <fieldlabel>points_possible</fieldlabel>
              <fieldentry>1</fieldentry>
            </qtimetadatafield>
            <qtimetadatafield>
              <fieldlabel>original_answer_ids</fieldlabel>
              <fieldentry>text2qti_numerical_22e5c292d9987e0c6731d557b2dce53b03717f209a71d24f78a9777e48b75dc8</fieldentry>
            </qtimetadatafield>
            <qtimetadatafield>
              <fieldlabel>assessment_question_identifierref</fieldlabel>
              <fieldentry>text2qti_question_ref_22e5c292d9987e0c6731d557b2dce53b03717f209a71d24f78a9777e48b75dc8</fieldentry>
            </qtimetadatafield>
          </qtimetadata>
        </itemmetadata>
        <presentation>
          <material>
            <mattext texttype="text/html">&lt;p&gt;What is the minimum of the column &amp;ldquo;children&amp;rdquo;?&lt;/p&gt;</mattext>
          </material>
          <response_str ident="response1" rcardinality="Single">
            <render_fib fibtype="Decimal">
              <response_label ident="answer1"/>
            </render_fib>
          </response_str>
        </presentation>
        <resprocessing>
          <outcomes>
            <decvar maxvalue="100" minvalue="0" varname="SCORE" vartype="Decimal"/>
          </outcomes>
          <respcondition continue="No">
            <conditionvar>
              <or>
                <varequal respident="response1">0.0000</varequal>
                <and>
                  <vargte respident="response1">-0.1000</vargte>
                  <varlte respident="response1">0.1000</varlte>
                </and>
              </or>
            </conditionvar>
            <setvar action="Set" varname="SCORE">100</setvar>
          </respcondition>
        </resprocessing>
      </item>
      <item ident="text2qti_question_eca7a37d32a336222cb818ce7ce06cc75fbd1392e86f1f140a36bd3da569c138" title="Question">
        <itemmetadata>
          <qtimetadata>
            <qtimetadatafield>
              <fieldlabel>question_type</fieldlabel>
              <fieldentry>numerical_question</fieldentry>
            </qtimetadatafield>
            <qtimetadatafield>
              <fieldlabel>points_possible</fieldlabel>
              <fieldentry>1</fieldentry>
            </qtimetadatafield>
            <qtimetadatafield>
              <fieldlabel>original_answer_ids</fieldlabel>
              <fieldentry>text2qti_numerical_eca7a37d32a336222cb818ce7ce06cc75fbd1392e86f1f140a36bd3da569c138</fieldentry>
            </qtimetadatafield>
            <qtimetadatafield>
              <fieldlabel>assessment_question_identifierref</fieldlabel>
              <fieldentry>text2qti_question_ref_eca7a37d32a336222cb818ce7ce06cc75fbd1392e86f1f140a36bd3da569c138</fieldentry>
            </qtimetadatafield>
          </qtimetadata>
        </itemmetadata>
        <presentation>
          <material>
            <mattext texttype="text/html">&lt;p&gt;What is the maximum of the column &amp;ldquo;children&amp;rdquo;?&lt;/p&gt;</mattext>
          </material>
          <response_str ident="response1" rcardinality="Single">
            <render_fib fibtype="Decimal">
              <response_label ident="answer1"/>
            </render_fib>
          </response_str>
        </presentation>
        <resprocessing>
          <outcomes>
            <decvar maxvalue="100" minvalue="0" varname="SCORE" vartype="Decimal"/>
          </outcomes>
          <respcondition continue="No">
            <conditionvar>
              <or>
                <varequal respident="response1">5.0000</varequal>
                <and>
                  <vargte respident="response1">4.9000</vargte>
                  <varlte respident="response1">5.1000</varlte>
                </and>
              </or>
            </conditionvar>
            <setvar action="Set" varname="SCORE">100</setvar>
          </respcondition>
        </resprocessing>
      </item>
      <item ident="text2qti_question_e64a5c95c384ef1809da9df4fedc9d0a5278e9fb31fef8d99b75581f6d54f992" title="Question">
        <itemmetadata>
          <qtimetadata>
            <qtimetadatafield>
              <fieldlabel>question_type</fieldlabel>
              <fieldentry>numerical_question</fieldentry>
            </qtimetadatafield>
            <qtimetadatafield>
              <fieldlabel>points_possible</fieldlabel>
              <fieldentry>1</fieldentry>
            </qtimetadatafield>
            <qtimetadatafield>
              <fieldlabel>original_answer_ids</fieldlabel>
              <fieldentry>text2qti_numerical_e64a5c95c384ef1809da9df4fedc9d0a5278e9fb31fef8d99b75581f6d54f992</fieldentry>
            </qtimetadatafield>
            <qtimetadatafield>
              <fieldlabel>assessment_question_identifierref</fieldlabel>
              <fieldentry>text2qti_question_ref_e64a5c95c384ef1809da9df4fedc9d0a5278e9fb31fef8d99b75581f6d54f992</fieldentry>
            </qtimetadatafield>
          </qtimetadata>
        </itemmetadata>
        <presentation>
          <material>
            <mattext texttype="text/html">&lt;p&gt;What is the mean of the column &amp;ldquo;charges&amp;rdquo;?&lt;/p&gt;</mattext>
          </material>
          <response_str ident="response1" rcardinality="Single">
            <render_fib fibtype="Decimal">
              <response_label ident="answer1"/>
            </render_fib>
          </response_str>
        </presentation>
        <resprocessing>
          <outcomes>
            <decvar maxvalue="100" minvalue="0" varname="SCORE" vartype="Decimal"/>
          </outcomes>
          <respcondition continue="No">
            <conditionvar>
              <or>
                <varequal respident="response1">13270.4223</varequal>
                <and>
                  <vargte respident="response1">13269.4223</vargte>
                  <varlte respident="response1">13271.4223</varlte>
                </and>
              </or>
            </conditionvar>
            <setvar action="Set" varname="SCORE">100</setvar>
          </respcondition>
        </resprocessing>
      </item>
      <item ident="text2qti_question_4d6d46aae4671c2a21a96e22c680d347144e07419f1f85e300b2eb6196e78429" title="Question">
        <itemmetadata>
          <qtimetadata>
            <qtimetadatafield>
              <fieldlabel>question_type</fieldlabel>
              <fieldentry>numerical_question</fieldentry>
            </qtimetadatafield>
            <qtimetadatafield>
              <fieldlabel>points_possible</fieldlabel>
              <fieldentry>1</fieldentry>
            </qtimetadatafield>
            <qtimetadatafield>
              <fieldlabel>original_answer_ids</fieldlabel>
              <fieldentry>text2qti_numerical_4d6d46aae4671c2a21a96e22c680d347144e07419f1f85e300b2eb6196e78429</fieldentry>
            </qtimetadatafield>
            <qtimetadatafield>
              <fieldlabel>assessment_question_identifierref</fieldlabel>
              <fieldentry>text2qti_question_ref_4d6d46aae4671c2a21a96e22c680d347144e07419f1f85e300b2eb6196e78429</fieldentry>
            </qtimetadatafield>
          </qtimetadata>
        </itemmetadata>
        <presentation>
          <material>
            <mattext texttype="text/html">&lt;p&gt;What is the standard deviation of the column &amp;ldquo;charges&amp;rdquo;?&lt;/p&gt;</mattext>
          </material>
          <response_str ident="response1" rcardinality="Single">
            <render_fib fibtype="Decimal">
              <response_label ident="answer1"/>
            </render_fib>
          </response_str>
        </presentation>
        <resprocessing>
          <outcomes>
            <decvar maxvalue="100" minvalue="0" varname="SCORE" vartype="Decimal"/>
          </outcomes>
          <respcondition continue="No">
            <conditionvar>
              <or>
                <varequal respident="response1">12110.0112</varequal>
                <and>
                  <vargte respident="response1">12109.0112</vargte>
                  <varlte respident="response1">12111.0112</varlte>
                </and>
              </or>
            </conditionvar>
            <setvar action="Set" varname="SCORE">100</setvar>
          </respcondition>
        </resprocessing>
      </item>
      <item ident="text2qti_question_8dea44d5e6d7dc90c169523b31ab1b9e161f14863fb85804f47eecd0ca74b6f7" title="Question">
        <itemmetadata>
          <qtimetadata>
            <qtimetadatafield>
              <fieldlabel>question_type</fieldlabel>
              <fieldentry>numerical_question</fieldentry>
            </qtimetadatafield>
            <qtimetadatafield>
              <fieldlabel>points_possible</fieldlabel>
              <fieldentry>1</fieldentry>
            </qtimetadatafield>
            <qtimetadatafield>
              <fieldlabel>original_answer_ids</fieldlabel>
              <fieldentry>text2qti_numerical_8dea44d5e6d7dc90c169523b31ab1b9e161f14863fb85804f47eecd0ca74b6f7</fieldentry>
            </qtimetadatafield>
            <qtimetadatafield>
              <fieldlabel>assessment_question_identifierref</fieldlabel>
              <fieldentry>text2qti_question_ref_8dea44d5e6d7dc90c169523b31ab1b9e161f14863fb85804f47eecd0ca74b6f7</fieldentry>
            </qtimetadatafield>
          </qtimetadata>
        </itemmetadata>
        <presentation>
          <material>
            <mattext texttype="text/html">&lt;p&gt;What is the median of the column &amp;ldquo;charges&amp;rdquo;?&lt;/p&gt;</mattext>
          </material>
          <response_str ident="response1" rcardinality="Single">
            <render_fib fibtype="Decimal">
              <response_label ident="answer1"/>
            </render_fib>
          </response_str>
        </presentation>
        <resprocessing>
          <outcomes>
            <decvar maxvalue="100" minvalue="0" varname="SCORE" vartype="Decimal"/>
          </outcomes>
          <respcondition continue="No">
            <conditionvar>
              <or>
                <varequal respident="response1">9382.0330</varequal>
                <and>
                  <vargte respident="response1">9381.0330</vargte>
                  <varlte respident="response1">9383.0330</varlte>
                </and>
              </or>
            </conditionvar>
            <setvar action="Set" varname="SCORE">100</setvar>
          </respcondition>
        </resprocessing>
      </item>
      <item ident="text2qti_question_4680ab8085231cb958d227f208220bdf247e4b87f2e481f50a346f3861024d78" title="Question">
        <itemmetadata>
          <qtimetadata>
            <qtimetadatafield>
              <fieldlabel>question_type</fieldlabel>
              <fieldentry>numerical_question</fieldentry>
            </qtimetadatafield>
            <qtimetadatafield>
              <fieldlabel>points_possible</fieldlabel>
              <fieldentry>1</fieldentry>
            </qtimetadatafield>
            <qtimetadatafield>
              <fieldlabel>original_answer_ids</fieldlabel>
              <fieldentry>text2qti_numerical_4680ab8085231cb958d227f208220bdf247e4b87f2e481f50a346f3861024d78</fieldentry>
            </qtimetadatafield>
            <qtimetadatafield>
              <fieldlabel>assessment_question_identifierref</fieldlabel>
              <fieldentry>text2qti_question_ref_4680ab8085231cb958d227f208220bdf247e4b87f2e481f50a346f3861024d78</fieldentry>
            </qtimetadatafield>
          </qtimetadata>
        </itemmetadata>
        <presentation>
          <material>
            <mattext texttype="text/html">&lt;p&gt;What is the minimum of the column &amp;ldquo;charges&amp;rdquo;?&lt;/p&gt;</mattext>
          </material>
          <response_str ident="response1" rcardinality="Single">
            <render_fib fibtype="Decimal">
              <response_label ident="answer1"/>
            </render_fib>
          </response_str>
        </presentation>
        <resprocessing>
          <outcomes>
            <decvar maxvalue="100" minvalue="0" varname="SCORE" vartype="Decimal"/>
          </outcomes>
          <respcondition continue="No">
            <conditionvar>
              <or>
                <varequal respident="response1">1121.8739</varequal>
                <and>
                  <vargte respident="response1">1120.8739</vargte>
                  <varlte respident="response1">1122.8739</varlte>
                </and>
              </or>
            </conditionvar>
            <setvar action="Set" varname="SCORE">100</setvar>
          </respcondition>
        </resprocessing>
      </item>
      <item ident="text2qti_question_770e6f2a9b1a30e00f619ebabc025f03eea6b777b843df72a091b9672ad026e1" title="Question">
        <itemmetadata>
          <qtimetadata>
            <qtimetadatafield>
              <fieldlabel>question_type</fieldlabel>
              <fieldentry>numerical_question</fieldentry>
            </qtimetadatafield>
            <qtimetadatafield>
              <fieldlabel>points_possible</fieldlabel>
              <fieldentry>1</fieldentry>
            </qtimetadatafield>
            <qtimetadatafield>
              <fieldlabel>original_answer_ids</fieldlabel>
              <fieldentry>text2qti_numerical_770e6f2a9b1a30e00f619ebabc025f03eea6b777b843df72a091b9672ad026e1</fieldentry>
            </qtimetadatafield>
            <qtimetadatafield>
              <fieldlabel>assessment_question_identifierref</fieldlabel>
              <fieldentry>text2qti_question_ref_770e6f2a9b1a30e00f619ebabc025f03eea6b777b843df72a091b9672ad026e1</fieldentry>
            </qtimetadatafield>
          </qtimetadata>
        </itemmetadata>
        <presentation>
          <material>
            <mattext texttype="text/html">&lt;p&gt;What is the maximum of the column &amp;ldquo;charges&amp;rdquo;?&lt;/p&gt;</mattext>
          </material>
          <response_str ident="response1" rcardinality="Single">
            <render_fib fibtype="Decimal">
              <response_label ident="answer1"/>
            </render_fib>
          </response_str>
        </presentation>
        <resprocessing>
          <outcomes>
            <decvar maxvalue="100" minvalue="0" varname="SCORE" vartype="Decimal"/>
          </outcomes>
          <respcondition continue="No">
            <conditionvar>
              <or>
                <varequal respident="response1">63770.4280</varequal>
                <and>
                  <vargte respident="response1">63769.4280</vargte>
                  <varlte respident="response1">63771.4280</varlte>
                </and>
              </or>
            </conditionvar>
            <setvar action="Set" varname="SCORE">100</setvar>
          </respcondition>
        </resprocessing>
      </item>
      <item ident="text2qti_question_eef12032a17f172c99029b154cfc87731a17865833b681d91f7ba597cdd77d9c" title="Question">
        <itemmetadata>
          <qtimetadata>
            <qtimetadatafield>
              <fieldlabel>question_type</fieldlabel>
              <fieldentry>numerical_question</fieldentry>
            </qtimetadatafield>
            <qtimetadatafield>
              <fieldlabel>points_possible</fieldlabel>
              <fieldentry>1</fieldentry>
            </qtimetadatafield>
            <qtimetadatafield>
              <fieldlabel>original_answer_ids</fieldlabel>
              <fieldentry>text2qti_numerical_eef12032a17f172c99029b154cfc87731a17865833b681d91f7ba597cdd77d9c</fieldentry>
            </qtimetadatafield>
            <qtimetadatafield>
              <fieldlabel>assessment_question_identifierref</fieldlabel>
              <fieldentry>text2qti_question_ref_eef12032a17f172c99029b154cfc87731a17865833b681d91f7ba597cdd77d9c</fieldentry>
            </qtimetadatafield>
          </qtimetadata>
        </itemmetadata>
        <presentation>
          <material>
            <mattext texttype="text/html">&lt;p&gt;What is the number of unique entries in the column &amp;ldquo;sex&amp;rdquo;?&lt;/p&gt;</mattext>
          </material>
          <response_str ident="response1" rcardinality="Single">
            <render_fib fibtype="Decimal">
              <response_label ident="answer1"/>
            </render_fib>
          </response_str>
        </presentation>
        <resprocessing>
          <outcomes>
            <decvar maxvalue="100" minvalue="0" varname="SCORE" vartype="Decimal"/>
          </outcomes>
          <respcondition continue="No">
            <conditionvar>
              <or>
                <varequal respident="response1">2.0000</varequal>
                <and>
                  <vargte respident="response1">1.9000</vargte>
                  <varlte respident="response1">2.1000</varlte>
                </and>
              </or>
            </conditionvar>
            <setvar action="Set" varname="SCORE">100</setvar>
          </respcondition>
        </resprocessing>
      </item>
      <item ident="text2qti_question_a003dc38e27d8b0f7062fbbef83ec1831aa9c68fa0b76423bb9e983e79a60acd" title="Question">
        <itemmetadata>
          <qtimetadata>
            <qtimetadatafield>
              <fieldlabel>question_type</fieldlabel>
              <fieldentry>numerical_question</fieldentry>
            </qtimetadatafield>
            <qtimetadatafield>
              <fieldlabel>points_possible</fieldlabel>
              <fieldentry>1</fieldentry>
            </qtimetadatafield>
            <qtimetadatafield>
              <fieldlabel>original_answer_ids</fieldlabel>
              <fieldentry>text2qti_numerical_a003dc38e27d8b0f7062fbbef83ec1831aa9c68fa0b76423bb9e983e79a60acd</fieldentry>
            </qtimetadatafield>
            <qtimetadatafield>
              <fieldlabel>assessment_question_identifierref</fieldlabel>
              <fieldentry>text2qti_question_ref_a003dc38e27d8b0f7062fbbef83ec1831aa9c68fa0b76423bb9e983e79a60acd</fieldentry>
            </qtimetadatafield>
          </qtimetadata>
        </itemmetadata>
        <presentation>
          <material>
            <mattext texttype="text/html">&lt;p&gt;What is the number of unique entries  in the column &amp;ldquo;smoker&amp;rdquo;?&lt;/p&gt;</mattext>
          </material>
          <response_str ident="response1" rcardinality="Single">
            <render_fib fibtype="Decimal">
              <response_label ident="answer1"/>
            </render_fib>
          </response_str>
        </presentation>
        <resprocessing>
          <outcomes>
            <decvar maxvalue="100" minvalue="0" varname="SCORE" vartype="Decimal"/>
          </outcomes>
          <respcondition continue="No">
            <conditionvar>
              <or>
                <varequal respident="response1">2.0000</varequal>
                <and>
                  <vargte respident="response1">1.9000</vargte>
                  <varlte respident="response1">2.1000</varlte>
                </and>
              </or>
            </conditionvar>
            <setvar action="Set" varname="SCORE">100</setvar>
          </respcondition>
        </resprocessing>
      </item>
      <item ident="text2qti_question_0938ba2355c805c64e41990ee2a3e3479cc7a3b6d3836e065d6f023eb67bf60d" title="Question">
        <itemmetadata>
          <qtimetadata>
            <qtimetadatafield>
              <fieldlabel>question_type</fieldlabel>
              <fieldentry>numerical_question</fieldentry>
            </qtimetadatafield>
            <qtimetadatafield>
              <fieldlabel>points_possible</fieldlabel>
              <fieldentry>1</fieldentry>
            </qtimetadatafield>
            <qtimetadatafield>
              <fieldlabel>original_answer_ids</fieldlabel>
              <fieldentry>text2qti_numerical_0938ba2355c805c64e41990ee2a3e3479cc7a3b6d3836e065d6f023eb67bf60d</fieldentry>
            </qtimetadatafield>
            <qtimetadatafield>
              <fieldlabel>assessment_question_identifierref</fieldlabel>
              <fieldentry>text2qti_question_ref_0938ba2355c805c64e41990ee2a3e3479cc7a3b6d3836e065d6f023eb67bf60d</fieldentry>
            </qtimetadatafield>
          </qtimetadata>
        </itemmetadata>
        <presentation>
          <material>
            <mattext texttype="text/html">&lt;p&gt;What is the number of unique entries in the column &amp;ldquo;region&amp;rdquo;?&lt;/p&gt;</mattext>
          </material>
          <response_str ident="response1" rcardinality="Single">
            <render_fib fibtype="Decimal">
              <response_label ident="answer1"/>
            </render_fib>
          </response_str>
        </presentation>
        <resprocessing>
          <outcomes>
            <decvar maxvalue="100" minvalue="0" varname="SCORE" vartype="Decimal"/>
          </outcomes>
          <respcondition continue="No">
            <conditionvar>
              <or>
                <varequal respident="response1">4.0000</varequal>
                <and>
                  <vargte respident="response1">3.9000</vargte>
                  <varlte respident="response1">4.1000</varlte>
                </and>
              </or>
            </conditionvar>
            <setvar action="Set" varname="SCORE">100</setvar>
          </respcondition>
        </resprocessing>
      </item>
      <item ident="text2qti_question_22fb7544a643db31a4e645c4224cb66fb94ff74cfc58d7d3b186b64bf045a49e" title="Question">
        <itemmetadata>
          <qtimetadata>
            <qtimetadatafield>
              <fieldlabel>question_type</fieldlabel>
              <fieldentry>numerical_question</fieldentry>
            </qtimetadatafield>
            <qtimetadatafield>
              <fieldlabel>points_possible</fieldlabel>
              <fieldentry>1</fieldentry>
            </qtimetadatafield>
            <qtimetadatafield>
              <fieldlabel>original_answer_ids</fieldlabel>
              <fieldentry>text2qti_numerical_22fb7544a643db31a4e645c4224cb66fb94ff74cfc58d7d3b186b64bf045a49e</fieldentry>
            </qtimetadatafield>
            <qtimetadatafield>
              <fieldlabel>assessment_question_identifierref</fieldlabel>
              <fieldentry>text2qti_question_ref_22fb7544a643db31a4e645c4224cb66fb94ff74cfc58d7d3b186b64bf045a49e</fieldentry>
            </qtimetadatafield>
          </qtimetadata>
        </itemmetadata>
        <presentation>
          <material>
            <mattext texttype="text/html">&lt;p&gt;How many times does &amp;ldquo;female&amp;rdquo; appear in the column &amp;ldquo;sex&amp;rdquo;?&lt;/p&gt;</mattext>
          </material>
          <response_str ident="response1" rcardinality="Single">
            <render_fib fibtype="Decimal">
              <response_label ident="answer1"/>
            </render_fib>
          </response_str>
        </presentation>
        <resprocessing>
          <outcomes>
            <decvar maxvalue="100" minvalue="0" varname="SCORE" vartype="Decimal"/>
          </outcomes>
          <respcondition continue="No">
            <conditionvar>
              <or>
                <varequal respident="response1">662.0000</varequal>
                <and>
                  <vargte respident="response1">661.9000</vargte>
                  <varlte respident="response1">662.1000</varlte>
                </and>
              </or>
            </conditionvar>
            <setvar action="Set" varname="SCORE">100</setvar>
          </respcondition>
        </resprocessing>
      </item>
      <item ident="text2qti_question_a343f4d5ed34dcddbdaac36331039efd483e3e9058c2b900b97584281fe34884" title="Question">
        <itemmetadata>
          <qtimetadata>
            <qtimetadatafield>
              <fieldlabel>question_type</fieldlabel>
              <fieldentry>numerical_question</fieldentry>
            </qtimetadatafield>
            <qtimetadatafield>
              <fieldlabel>points_possible</fieldlabel>
              <fieldentry>1</fieldentry>
            </qtimetadatafield>
            <qtimetadatafield>
              <fieldlabel>original_answer_ids</fieldlabel>
              <fieldentry>text2qti_numerical_a343f4d5ed34dcddbdaac36331039efd483e3e9058c2b900b97584281fe34884</fieldentry>
            </qtimetadatafield>
            <qtimetadatafield>
              <fieldlabel>assessment_question_identifierref</fieldlabel>
              <fieldentry>text2qti_question_ref_a343f4d5ed34dcddbdaac36331039efd483e3e9058c2b900b97584281fe34884</fieldentry>
            </qtimetadatafield>
          </qtimetadata>
        </itemmetadata>
        <presentation>
          <material>
            <mattext texttype="text/html">&lt;p&gt;How many times does &amp;ldquo;male&amp;rdquo; appear in the column &amp;ldquo;sex&amp;rdquo;?&lt;/p&gt;</mattext>
          </material>
          <response_str ident="response1" rcardinality="Single">
            <render_fib fibtype="Decimal">
              <response_label ident="answer1"/>
            </render_fib>
          </response_str>
        </presentation>
        <resprocessing>
          <outcomes>
            <decvar maxvalue="100" minvalue="0" varname="SCORE" vartype="Decimal"/>
          </outcomes>
          <respcondition continue="No">
            <conditionvar>
              <or>
                <varequal respident="response1">676.0000</varequal>
                <and>
                  <vargte respident="response1">675.9000</vargte>
                  <varlte respident="response1">676.1000</varlte>
                </and>
              </or>
            </conditionvar>
            <setvar action="Set" varname="SCORE">100</setvar>
          </respcondition>
        </resprocessing>
      </item>
      <item ident="text2qti_question_ed062b6a4e8911e3236679a3f1dd93d482084b5ee4a9bc2daf923d0a7e7d312a" title="Question">
        <itemmetadata>
          <qtimetadata>
            <qtimetadatafield>
              <fieldlabel>question_type</fieldlabel>
              <fieldentry>numerical_question</fieldentry>
            </qtimetadatafield>
            <qtimetadatafield>
              <fieldlabel>points_possible</fieldlabel>
              <fieldentry>1</fieldentry>
            </qtimetadatafield>
            <qtimetadatafield>
              <fieldlabel>original_answer_ids</fieldlabel>
              <fieldentry>text2qti_numerical_ed062b6a4e8911e3236679a3f1dd93d482084b5ee4a9bc2daf923d0a7e7d312a</fieldentry>
            </qtimetadatafield>
            <qtimetadatafield>
              <fieldlabel>assessment_question_identifierref</fieldlabel>
              <fieldentry>text2qti_question_ref_ed062b6a4e8911e3236679a3f1dd93d482084b5ee4a9bc2daf923d0a7e7d312a</fieldentry>
            </qtimetadatafield>
          </qtimetadata>
        </itemmetadata>
        <presentation>
          <material>
            <mattext texttype="text/html">&lt;p&gt;How many times does &amp;ldquo;no&amp;rdquo; appear in the column &amp;ldquo;smoker&amp;rdquo;?&lt;/p&gt;</mattext>
          </material>
          <response_str ident="response1" rcardinality="Single">
            <render_fib fibtype="Decimal">
              <response_label ident="answer1"/>
            </render_fib>
          </response_str>
        </presentation>
        <resprocessing>
          <outcomes>
            <decvar maxvalue="100" minvalue="0" varname="SCORE" vartype="Decimal"/>
          </outcomes>
          <respcondition continue="No">
            <conditionvar>
              <or>
                <varequal respident="response1">1064.0000</varequal>
                <and>
                  <vargte respident="response1">1063.9000</vargte>
                  <varlte respident="response1">1064.1000</varlte>
                </and>
              </or>
            </conditionvar>
            <setvar action="Set" varname="SCORE">100</setvar>
          </respcondition>
        </resprocessing>
      </item>
      <item ident="text2qti_question_943145d8d3231a9fb9890bd06d58323d14afe15fe3d8dc70abf96018fcef93e2" title="Question">
        <itemmetadata>
          <qtimetadata>
            <qtimetadatafield>
              <fieldlabel>question_type</fieldlabel>
              <fieldentry>numerical_question</fieldentry>
            </qtimetadatafield>
            <qtimetadatafield>
              <fieldlabel>points_possible</fieldlabel>
              <fieldentry>1</fieldentry>
            </qtimetadatafield>
            <qtimetadatafield>
              <fieldlabel>original_answer_ids</fieldlabel>
              <fieldentry>text2qti_numerical_943145d8d3231a9fb9890bd06d58323d14afe15fe3d8dc70abf96018fcef93e2</fieldentry>
            </qtimetadatafield>
            <qtimetadatafield>
              <fieldlabel>assessment_question_identifierref</fieldlabel>
              <fieldentry>text2qti_question_ref_943145d8d3231a9fb9890bd06d58323d14afe15fe3d8dc70abf96018fcef93e2</fieldentry>
            </qtimetadatafield>
          </qtimetadata>
        </itemmetadata>
        <presentation>
          <material>
            <mattext texttype="text/html">&lt;p&gt;How many times does &amp;ldquo;yes&amp;rdquo; appear in the column &amp;ldquo;smoker&amp;rdquo;?&lt;/p&gt;</mattext>
          </material>
          <response_str ident="response1" rcardinality="Single">
            <render_fib fibtype="Decimal">
              <response_label ident="answer1"/>
            </render_fib>
          </response_str>
        </presentation>
        <resprocessing>
          <outcomes>
            <decvar maxvalue="100" minvalue="0" varname="SCORE" vartype="Decimal"/>
          </outcomes>
          <respcondition continue="No">
            <conditionvar>
              <or>
                <varequal respident="response1">274.0000</varequal>
                <and>
                  <vargte respident="response1">273.9000</vargte>
                  <varlte respident="response1">274.1000</varlte>
                </and>
              </or>
            </conditionvar>
            <setvar action="Set" varname="SCORE">100</setvar>
          </respcondition>
        </resprocessing>
      </item>
      <item ident="text2qti_question_53683da6f6a9018c3438948114000c934e1e60291fe89609d8fe1fb84a9757e3" title="Question">
        <itemmetadata>
          <qtimetadata>
            <qtimetadatafield>
              <fieldlabel>question_type</fieldlabel>
              <fieldentry>numerical_question</fieldentry>
            </qtimetadatafield>
            <qtimetadatafield>
              <fieldlabel>points_possible</fieldlabel>
              <fieldentry>1</fieldentry>
            </qtimetadatafield>
            <qtimetadatafield>
              <fieldlabel>original_answer_ids</fieldlabel>
              <fieldentry>text2qti_numerical_53683da6f6a9018c3438948114000c934e1e60291fe89609d8fe1fb84a9757e3</fieldentry>
            </qtimetadatafield>
            <qtimetadatafield>
              <fieldlabel>assessment_question_identifierref</fieldlabel>
              <fieldentry>text2qti_question_ref_53683da6f6a9018c3438948114000c934e1e60291fe89609d8fe1fb84a9757e3</fieldentry>
            </qtimetadatafield>
          </qtimetadata>
        </itemmetadata>
        <presentation>
          <material>
            <mattext texttype="text/html">&lt;p&gt;How many times does &amp;ldquo;northeast&amp;rdquo; appear in the column &amp;ldquo;region&amp;rdquo;?&lt;/p&gt;</mattext>
          </material>
          <response_str ident="response1" rcardinality="Single">
            <render_fib fibtype="Decimal">
              <response_label ident="answer1"/>
            </render_fib>
          </response_str>
        </presentation>
        <resprocessing>
          <outcomes>
            <decvar maxvalue="100" minvalue="0" varname="SCORE" vartype="Decimal"/>
          </outcomes>
          <respcondition continue="No">
            <conditionvar>
              <or>
                <varequal respident="response1">324.0000</varequal>
                <and>
                  <vargte respident="response1">323.9000</vargte>
                  <varlte respident="response1">324.1000</varlte>
                </and>
              </or>
            </conditionvar>
            <setvar action="Set" varname="SCORE">100</setvar>
          </respcondition>
        </resprocessing>
      </item>
      <item ident="text2qti_question_b8317df2d68c5a76b32f13868c6b01472e16fdef9bd73b585308c7f9d5342704" title="Question">
        <itemmetadata>
          <qtimetadata>
            <qtimetadatafield>
              <fieldlabel>question_type</fieldlabel>
              <fieldentry>numerical_question</fieldentry>
            </qtimetadatafield>
            <qtimetadatafield>
              <fieldlabel>points_possible</fieldlabel>
              <fieldentry>1</fieldentry>
            </qtimetadatafield>
            <qtimetadatafield>
              <fieldlabel>original_answer_ids</fieldlabel>
              <fieldentry>text2qti_numerical_b8317df2d68c5a76b32f13868c6b01472e16fdef9bd73b585308c7f9d5342704</fieldentry>
            </qtimetadatafield>
            <qtimetadatafield>
              <fieldlabel>assessment_question_identifierref</fieldlabel>
              <fieldentry>text2qti_question_ref_b8317df2d68c5a76b32f13868c6b01472e16fdef9bd73b585308c7f9d5342704</fieldentry>
            </qtimetadatafield>
          </qtimetadata>
        </itemmetadata>
        <presentation>
          <material>
            <mattext texttype="text/html">&lt;p&gt;How many times does &amp;ldquo;northwest&amp;rdquo; appear in the column &amp;ldquo;region&amp;rdquo;?&lt;/p&gt;</mattext>
          </material>
          <response_str ident="response1" rcardinality="Single">
            <render_fib fibtype="Decimal">
              <response_label ident="answer1"/>
            </render_fib>
          </response_str>
        </presentation>
        <resprocessing>
          <outcomes>
            <decvar maxvalue="100" minvalue="0" varname="SCORE" vartype="Decimal"/>
          </outcomes>
          <respcondition continue="No">
            <conditionvar>
              <or>
                <varequal respident="response1">325.0000</varequal>
                <and>
                  <vargte respident="response1">324.9000</vargte>
                  <varlte respident="response1">325.1000</varlte>
                </and>
              </or>
            </conditionvar>
            <setvar action="Set" varname="SCORE">100</setvar>
          </respcondition>
        </resprocessing>
      </item>
      <item ident="text2qti_question_7bca5c30357932bf44bc157445131f9d7e3672f246ee697a69517457ddc17a4e" title="Question">
        <itemmetadata>
          <qtimetadata>
            <qtimetadatafield>
              <fieldlabel>question_type</fieldlabel>
              <fieldentry>numerical_question</fieldentry>
            </qtimetadatafield>
            <qtimetadatafield>
              <fieldlabel>points_possible</fieldlabel>
              <fieldentry>1</fieldentry>
            </qtimetadatafield>
            <qtimetadatafield>
              <fieldlabel>original_answer_ids</fieldlabel>
              <fieldentry>text2qti_numerical_7bca5c30357932bf44bc157445131f9d7e3672f246ee697a69517457ddc17a4e</fieldentry>
            </qtimetadatafield>
            <qtimetadatafield>
              <fieldlabel>assessment_question_identifierref</fieldlabel>
              <fieldentry>text2qti_question_ref_7bca5c30357932bf44bc157445131f9d7e3672f246ee697a69517457ddc17a4e</fieldentry>
            </qtimetadatafield>
          </qtimetadata>
        </itemmetadata>
        <presentation>
          <material>
            <mattext texttype="text/html">&lt;p&gt;How many times does &amp;ldquo;southeast&amp;rdquo; appear in the column &amp;ldquo;region&amp;rdquo;?&lt;/p&gt;</mattext>
          </material>
          <response_str ident="response1" rcardinality="Single">
            <render_fib fibtype="Decimal">
              <response_label ident="answer1"/>
            </render_fib>
          </response_str>
        </presentation>
        <resprocessing>
          <outcomes>
            <decvar maxvalue="100" minvalue="0" varname="SCORE" vartype="Decimal"/>
          </outcomes>
          <respcondition continue="No">
            <conditionvar>
              <or>
                <varequal respident="response1">364.0000</varequal>
                <and>
                  <vargte respident="response1">363.9000</vargte>
                  <varlte respident="response1">364.1000</varlte>
                </and>
              </or>
            </conditionvar>
            <setvar action="Set" varname="SCORE">100</setvar>
          </respcondition>
        </resprocessing>
      </item>
      <item ident="text2qti_question_af5935eb5b38c50869a2dc5fa2b4bab0f64a219decaf8c5ad98d098a83d543a7" title="Question">
        <itemmetadata>
          <qtimetadata>
            <qtimetadatafield>
              <fieldlabel>question_type</fieldlabel>
              <fieldentry>numerical_question</fieldentry>
            </qtimetadatafield>
            <qtimetadatafield>
              <fieldlabel>points_possible</fieldlabel>
              <fieldentry>1</fieldentry>
            </qtimetadatafield>
            <qtimetadatafield>
              <fieldlabel>original_answer_ids</fieldlabel>
              <fieldentry>text2qti_numerical_af5935eb5b38c50869a2dc5fa2b4bab0f64a219decaf8c5ad98d098a83d543a7</fieldentry>
            </qtimetadatafield>
            <qtimetadatafield>
              <fieldlabel>assessment_question_identifierref</fieldlabel>
              <fieldentry>text2qti_question_ref_af5935eb5b38c50869a2dc5fa2b4bab0f64a219decaf8c5ad98d098a83d543a7</fieldentry>
            </qtimetadatafield>
          </qtimetadata>
        </itemmetadata>
        <presentation>
          <material>
            <mattext texttype="text/html">&lt;p&gt;How many times does &amp;ldquo;southwest&amp;rdquo; appear in the column &amp;ldquo;region&amp;rdquo;?&lt;/p&gt;</mattext>
          </material>
          <response_str ident="response1" rcardinality="Single">
            <render_fib fibtype="Decimal">
              <response_label ident="answer1"/>
            </render_fib>
          </response_str>
        </presentation>
        <resprocessing>
          <outcomes>
            <decvar maxvalue="100" minvalue="0" varname="SCORE" vartype="Decimal"/>
          </outcomes>
          <respcondition continue="No">
            <conditionvar>
              <or>
                <varequal respident="response1">325.0000</varequal>
                <and>
                  <vargte respident="response1">324.9000</vargte>
                  <varlte respident="response1">325.1000</varlte>
                </and>
              </or>
            </conditionvar>
            <setvar action="Set" varname="SCORE">100</setvar>
          </respcondition>
        </resprocessing>
      </item>
    </section>
  </assessment>
</questestinterop>
