<?xml version="1.0" encoding="UTF-8"?>
<questestinterop xmlns="http://www.imsglobal.org/xsd/ims_qtiasiv1p2" xmlns:xsi="http://www.w3.org/2001/XMLSchema-instance" xsi:schemaLocation="http://www.imsglobal.org/xsd/ims_qtiasiv1p2 http://www.imsglobal.org/xsd/ims_qtiasiv1p2p1.xsd">
  <assessment ident="text2qti_assessment_cbbb5b31afbf90a10fdba62226d46b6a6db4b5e75442bfd1731849878ffd8303" title="Quiz">
    <qtimetadata>
      <qtimetadatafield>
        <fieldlabel>cc_maxattempts</fieldlabel>
        <fieldentry>1</fieldentry>
      </qtimetadatafield>
    </qtimetadata>
    <section ident="root_section">
      <item ident="text2qti_question_a671ae88b25ea2c75f06701cb12b26dd0516cd46cb1f897c30313577d5dc921f" title="Question">
        <itemmetadata>
          <qtimetadata>
            <qtimetadatafield>
              <fieldlabel>question_type</fieldlabel>
              <fieldentry>numerical_question</fieldentry>
            </qtimetadatafield>
            <qtimetadatafield>
              <fieldlabel>points_possible</fieldlabel>
              <fieldentry>1</fieldentry>
            </qtimetadatafield>
            <qtimetadatafield>
              <fieldlabel>original_answer_ids</fieldlabel>
              <fieldentry>text2qti_numerical_a671ae88b25ea2c75f06701cb12b26dd0516cd46cb1f897c30313577d5dc921f</fieldentry>
            </qtimetadatafield>
            <qtimetadatafield>
              <fieldlabel>assessment_question_identifierref</fieldlabel>
              <fieldentry>text2qti_question_ref_a671ae88b25ea2c75f06701cb12b26dd0516cd46cb1f897c30313577d5dc921f</fieldentry>
            </qtimetadatafield>
          </qtimetadata>
        </itemmetadata>
        <presentation>
          <material>
            <mattext texttype="text/html">&lt;p&gt;What is the mean of &lt;em&gt;mpg&lt;/em&gt; in the mtcars dataset?&lt;/p&gt;</mattext>
          </material>
          <response_str ident="response1" rcardinality="Single">
            <render_fib fibtype="Decimal">
              <response_label ident="answer1"/>
            </render_fib>
          </response_str>
        </presentation>
        <resprocessing>
          <outcomes>
            <decvar maxvalue="100" minvalue="0" varname="SCORE" vartype="Decimal"/>
          </outcomes>
          <respcondition continue="No">
            <conditionvar>
              <or>
                <varequal respident="response1">20.0906</varequal>
                <and>
                  <vargte respident="response1">19.9906</vargte>
                  <varlte respident="response1">20.1906</varlte>
                </and>
              </or>
            </conditionvar>
            <setvar action="Set" varname="SCORE">100</setvar>
          </respcondition>
        </resprocessing>
      </item>
      <item ident="text2qti_question_a0cfa9340f7350b961641a578332ccb6320fadc35aa28082e6b238f651efd996" title="Question">
        <itemmetadata>
          <qtimetadata>
            <qtimetadatafield>
              <fieldlabel>question_type</fieldlabel>
              <fieldentry>numerical_question</fieldentry>
            </qtimetadatafield>
            <qtimetadatafield>
              <fieldlabel>points_possible</fieldlabel>
              <fieldentry>1</fieldentry>
            </qtimetadatafield>
            <qtimetadatafield>
              <fieldlabel>original_answer_ids</fieldlabel>
              <fieldentry>text2qti_numerical_a0cfa9340f7350b961641a578332ccb6320fadc35aa28082e6b238f651efd996</fieldentry>
            </qtimetadatafield>
            <qtimetadatafield>
              <fieldlabel>assessment_question_identifierref</fieldlabel>
              <fieldentry>text2qti_question_ref_a0cfa9340f7350b961641a578332ccb6320fadc35aa28082e6b238f651efd996</fieldentry>
            </qtimetadatafield>
          </qtimetadata>
        </itemmetadata>
        <presentation>
          <material>
            <mattext texttype="text/html">&lt;p&gt;What is the mean of &lt;em&gt;disp&lt;/em&gt; in the mtcars dataset?&lt;/p&gt;</mattext>
          </material>
          <response_str ident="response1" rcardinality="Single">
            <render_fib fibtype="Decimal">
              <response_label ident="answer1"/>
            </render_fib>
          </response_str>
        </presentation>
        <resprocessing>
          <outcomes>
            <decvar maxvalue="100" minvalue="0" varname="SCORE" vartype="Decimal"/>
          </outcomes>
          <respcondition continue="No">
            <conditionvar>
              <or>
                <varequal respident="response1">230.7219</varequal>
                <and>
                  <vargte respident="response1">230.6219</vargte>
                  <varlte respident="response1">230.8219</varlte>
                </and>
              </or>
            </conditionvar>
            <setvar action="Set" varname="SCORE">100</setvar>
          </respcondition>
        </resprocessing>
      </item>
      <item ident="text2qti_question_2d4f0fa81f7d877242f456bb4e8ef8bdc7b45997db1afc60507ef40ce7db27c3" title="Question">
        <itemmetadata>
          <qtimetadata>
            <qtimetadatafield>
              <fieldlabel>question_type</fieldlabel>
              <fieldentry>numerical_question</fieldentry>
            </qtimetadatafield>
            <qtimetadatafield>
              <fieldlabel>points_possible</fieldlabel>
              <fieldentry>1</fieldentry>
            </qtimetadatafield>
            <qtimetadatafield>
              <fieldlabel>original_answer_ids</fieldlabel>
              <fieldentry>text2qti_numerical_2d4f0fa81f7d877242f456bb4e8ef8bdc7b45997db1afc60507ef40ce7db27c3</fieldentry>
            </qtimetadatafield>
            <qtimetadatafield>
              <fieldlabel>assessment_question_identifierref</fieldlabel>
              <fieldentry>text2qti_question_ref_2d4f0fa81f7d877242f456bb4e8ef8bdc7b45997db1afc60507ef40ce7db27c3</fieldentry>
            </qtimetadatafield>
          </qtimetadata>
        </itemmetadata>
        <presentation>
          <material>
            <mattext texttype="text/html">&lt;p&gt;What is the mean of &lt;em&gt;hp&lt;/em&gt; in the mtcars dataset?&lt;/p&gt;</mattext>
          </material>
          <response_str ident="response1" rcardinality="Single">
            <render_fib fibtype="Decimal">
              <response_label ident="answer1"/>
            </render_fib>
          </response_str>
        </presentation>
        <resprocessing>
          <outcomes>
            <decvar maxvalue="100" minvalue="0" varname="SCORE" vartype="Decimal"/>
          </outcomes>
          <respcondition continue="No">
            <conditionvar>
              <or>
                <varequal respident="response1">146.6875</varequal>
                <and>
                  <vargte respident="response1">146.5875</vargte>
                  <varlte respident="response1">146.7875</varlte>
                </and>
              </or>
            </conditionvar>
            <setvar action="Set" varname="SCORE">100</setvar>
          </respcondition>
        </resprocessing>
      </item>
      <item ident="text2qti_question_8c36416a7f5adcac29d21cf8bb5b851e6834bb944724b67220ab59b3ee154098" title="Question">
        <itemmetadata>
          <qtimetadata>
            <qtimetadatafield>
              <fieldlabel>question_type</fieldlabel>
              <fieldentry>numerical_question</fieldentry>
            </qtimetadatafield>
            <qtimetadatafield>
              <fieldlabel>points_possible</fieldlabel>
              <fieldentry>1</fieldentry>
            </qtimetadatafield>
            <qtimetadatafield>
              <fieldlabel>original_answer_ids</fieldlabel>
              <fieldentry>text2qti_numerical_8c36416a7f5adcac29d21cf8bb5b851e6834bb944724b67220ab59b3ee154098</fieldentry>
            </qtimetadatafield>
            <qtimetadatafield>
              <fieldlabel>assessment_question_identifierref</fieldlabel>
              <fieldentry>text2qti_question_ref_8c36416a7f5adcac29d21cf8bb5b851e6834bb944724b67220ab59b3ee154098</fieldentry>
            </qtimetadatafield>
          </qtimetadata>
        </itemmetadata>
        <presentation>
          <material>
            <mattext texttype="text/html">&lt;p&gt;What is the mean of &lt;em&gt;drat&lt;/em&gt; in the mtcars dataset?&lt;/p&gt;</mattext>
          </material>
          <response_str ident="response1" rcardinality="Single">
            <render_fib fibtype="Decimal">
              <response_label ident="answer1"/>
            </render_fib>
          </response_str>
        </presentation>
        <resprocessing>
          <outcomes>
            <decvar maxvalue="100" minvalue="0" varname="SCORE" vartype="Decimal"/>
          </outcomes>
          <respcondition continue="No">
            <conditionvar>
              <or>
                <varequal respident="response1">3.5966</varequal>
                <and>
                  <vargte respident="response1">3.4966</vargte>
                  <varlte respident="response1">3.6966</varlte>
                </and>
              </or>
            </conditionvar>
            <setvar action="Set" varname="SCORE">100</setvar>
          </respcondition>
        </resprocessing>
      </item>
      <item ident="text2qti_question_8fb2befa6d9f879cb931c17a862af06efbc7dedfd618d23629bd8aca4f11f094" title="Question">
        <itemmetadata>
          <qtimetadata>
            <qtimetadatafield>
              <fieldlabel>question_type</fieldlabel>
              <fieldentry>numerical_question</fieldentry>
            </qtimetadatafield>
            <qtimetadatafield>
              <fieldlabel>points_possible</fieldlabel>
              <fieldentry>1</fieldentry>
            </qtimetadatafield>
            <qtimetadatafield>
              <fieldlabel>original_answer_ids</fieldlabel>
              <fieldentry>text2qti_numerical_8fb2befa6d9f879cb931c17a862af06efbc7dedfd618d23629bd8aca4f11f094</fieldentry>
            </qtimetadatafield>
            <qtimetadatafield>
              <fieldlabel>assessment_question_identifierref</fieldlabel>
              <fieldentry>text2qti_question_ref_8fb2befa6d9f879cb931c17a862af06efbc7dedfd618d23629bd8aca4f11f094</fieldentry>
            </qtimetadatafield>
          </qtimetadata>
        </itemmetadata>
        <presentation>
          <material>
            <mattext texttype="text/html">&lt;p&gt;What is the mean of &lt;em&gt;wt&lt;/em&gt; in the mtcars dataset?&lt;/p&gt;</mattext>
          </material>
          <response_str ident="response1" rcardinality="Single">
            <render_fib fibtype="Decimal">
              <response_label ident="answer1"/>
            </render_fib>
          </response_str>
        </presentation>
        <resprocessing>
          <outcomes>
            <decvar maxvalue="100" minvalue="0" varname="SCORE" vartype="Decimal"/>
          </outcomes>
          <respcondition continue="No">
            <conditionvar>
              <or>
                <varequal respident="response1">3.2172</varequal>
                <and>
                  <vargte respident="response1">3.1172</vargte>
                  <varlte respident="response1">3.3173</varlte>
                </and>
              </or>
            </conditionvar>
            <setvar action="Set" varname="SCORE">100</setvar>
          </respcondition>
        </resprocessing>
      </item>
      <item ident="text2qti_question_85a3b4aa934ce3cecbfcdc5e1adce69ce9082334d3c563d2e65405423c641337" title="Question">
        <itemmetadata>
          <qtimetadata>
            <qtimetadatafield>
              <fieldlabel>question_type</fieldlabel>
              <fieldentry>numerical_question</fieldentry>
            </qtimetadatafield>
            <qtimetadatafield>
              <fieldlabel>points_possible</fieldlabel>
              <fieldentry>1</fieldentry>
            </qtimetadatafield>
            <qtimetadatafield>
              <fieldlabel>original_answer_ids</fieldlabel>
              <fieldentry>text2qti_numerical_85a3b4aa934ce3cecbfcdc5e1adce69ce9082334d3c563d2e65405423c641337</fieldentry>
            </qtimetadatafield>
            <qtimetadatafield>
              <fieldlabel>assessment_question_identifierref</fieldlabel>
              <fieldentry>text2qti_question_ref_85a3b4aa934ce3cecbfcdc5e1adce69ce9082334d3c563d2e65405423c641337</fieldentry>
            </qtimetadatafield>
          </qtimetadata>
        </itemmetadata>
        <presentation>
          <material>
            <mattext texttype="text/html">&lt;p&gt;What is the mean of &lt;em&gt;qsec&lt;/em&gt; in the mtcars dataset?&lt;/p&gt;</mattext>
          </material>
          <response_str ident="response1" rcardinality="Single">
            <render_fib fibtype="Decimal">
              <response_label ident="answer1"/>
            </render_fib>
          </response_str>
        </presentation>
        <resprocessing>
          <outcomes>
            <decvar maxvalue="100" minvalue="0" varname="SCORE" vartype="Decimal"/>
          </outcomes>
          <respcondition continue="No">
            <conditionvar>
              <or>
                <varequal respident="response1">17.8487</varequal>
                <and>
                  <vargte respident="response1">17.7487</vargte>
                  <varlte respident="response1">17.9488</varlte>
                </and>
              </or>
            </conditionvar>
            <setvar action="Set" varname="SCORE">100</setvar>
          </respcondition>
        </resprocessing>
      </item>
      <item ident="text2qti_question_47fd9be659f32d7fff098e5f75ba3b39364947a0bbc7e90ed958004e09e26094" title="Question">
        <itemmetadata>
          <qtimetadata>
            <qtimetadatafield>
              <fieldlabel>question_type</fieldlabel>
              <fieldentry>numerical_question</fieldentry>
            </qtimetadatafield>
            <qtimetadatafield>
              <fieldlabel>points_possible</fieldlabel>
              <fieldentry>1</fieldentry>
            </qtimetadatafield>
            <qtimetadatafield>
              <fieldlabel>original_answer_ids</fieldlabel>
              <fieldentry>text2qti_numerical_47fd9be659f32d7fff098e5f75ba3b39364947a0bbc7e90ed958004e09e26094</fieldentry>
            </qtimetadatafield>
            <qtimetadatafield>
              <fieldlabel>assessment_question_identifierref</fieldlabel>
              <fieldentry>text2qti_question_ref_47fd9be659f32d7fff098e5f75ba3b39364947a0bbc7e90ed958004e09e26094</fieldentry>
            </qtimetadatafield>
          </qtimetadata>
        </itemmetadata>
        <presentation>
          <material>
            <mattext texttype="text/html">&lt;p&gt;What is the standard deviation of &lt;em&gt;mpg&lt;/em&gt; in the mtcars dataset?&lt;/p&gt;</mattext>
          </material>
          <response_str ident="response1" rcardinality="Single">
            <render_fib fibtype="Decimal">
              <response_label ident="answer1"/>
            </render_fib>
          </response_str>
        </presentation>
        <resprocessing>
          <outcomes>
            <decvar maxvalue="100" minvalue="0" varname="SCORE" vartype="Decimal"/>
          </outcomes>
          <respcondition continue="No">
            <conditionvar>
              <or>
                <varequal respident="response1">6.0269</varequal>
                <and>
                  <vargte respident="response1">5.9269</vargte>
                  <varlte respident="response1">6.1269</varlte>
                </and>
              </or>
            </conditionvar>
            <setvar action="Set" varname="SCORE">100</setvar>
          </respcondition>
        </resprocessing>
      </item>
      <item ident="text2qti_question_25c21816b017fcee6f465fd5247959bdd0cadcfed4a212f1158ce68836bf570f" title="Question">
        <itemmetadata>
          <qtimetadata>
            <qtimetadatafield>
              <fieldlabel>question_type</fieldlabel>
              <fieldentry>numerical_question</fieldentry>
            </qtimetadatafield>
            <qtimetadatafield>
              <fieldlabel>points_possible</fieldlabel>
              <fieldentry>1</fieldentry>
            </qtimetadatafield>
            <qtimetadatafield>
              <fieldlabel>original_answer_ids</fieldlabel>
              <fieldentry>text2qti_numerical_25c21816b017fcee6f465fd5247959bdd0cadcfed4a212f1158ce68836bf570f</fieldentry>
            </qtimetadatafield>
            <qtimetadatafield>
              <fieldlabel>assessment_question_identifierref</fieldlabel>
              <fieldentry>text2qti_question_ref_25c21816b017fcee6f465fd5247959bdd0cadcfed4a212f1158ce68836bf570f</fieldentry>
            </qtimetadatafield>
          </qtimetadata>
        </itemmetadata>
        <presentation>
          <material>
            <mattext texttype="text/html">&lt;p&gt;What is the standard deviation of &lt;em&gt;disp&lt;/em&gt; in the mtcars dataset?&lt;/p&gt;</mattext>
          </material>
          <response_str ident="response1" rcardinality="Single">
            <render_fib fibtype="Decimal">
              <response_label ident="answer1"/>
            </render_fib>
          </response_str>
        </presentation>
        <resprocessing>
          <outcomes>
            <decvar maxvalue="100" minvalue="0" varname="SCORE" vartype="Decimal"/>
          </outcomes>
          <respcondition continue="No">
            <conditionvar>
              <or>
                <varequal respident="response1">123.9387</varequal>
                <and>
                  <vargte respident="response1">123.8387</vargte>
                  <varlte respident="response1">124.0387</varlte>
                </and>
              </or>
            </conditionvar>
            <setvar action="Set" varname="SCORE">100</setvar>
          </respcondition>
        </resprocessing>
      </item>
      <item ident="text2qti_question_a5ad63985df33d9e1184787a167786369e71ae567f346046641fb61f100d57c2" title="Question">
        <itemmetadata>
          <qtimetadata>
            <qtimetadatafield>
              <fieldlabel>question_type</fieldlabel>
              <fieldentry>numerical_question</fieldentry>
            </qtimetadatafield>
            <qtimetadatafield>
              <fieldlabel>points_possible</fieldlabel>
              <fieldentry>1</fieldentry>
            </qtimetadatafield>
            <qtimetadatafield>
              <fieldlabel>original_answer_ids</fieldlabel>
              <fieldentry>text2qti_numerical_a5ad63985df33d9e1184787a167786369e71ae567f346046641fb61f100d57c2</fieldentry>
            </qtimetadatafield>
            <qtimetadatafield>
              <fieldlabel>assessment_question_identifierref</fieldlabel>
              <fieldentry>text2qti_question_ref_a5ad63985df33d9e1184787a167786369e71ae567f346046641fb61f100d57c2</fieldentry>
            </qtimetadatafield>
          </qtimetadata>
        </itemmetadata>
        <presentation>
          <material>
            <mattext texttype="text/html">&lt;p&gt;What is the standard deviation of &lt;em&gt;hp&lt;/em&gt; in the mtcars dataset?&lt;/p&gt;</mattext>
          </material>
          <response_str ident="response1" rcardinality="Single">
            <render_fib fibtype="Decimal">
              <response_label ident="answer1"/>
            </render_fib>
          </response_str>
        </presentation>
        <resprocessing>
          <outcomes>
            <decvar maxvalue="100" minvalue="0" varname="SCORE" vartype="Decimal"/>
          </outcomes>
          <respcondition continue="No">
            <conditionvar>
              <or>
                <varequal respident="response1">68.5629</varequal>
                <and>
                  <vargte respident="response1">68.4629</vargte>
                  <varlte respident="response1">68.6629</varlte>
                </and>
              </or>
            </conditionvar>
            <setvar action="Set" varname="SCORE">100</setvar>
          </respcondition>
        </resprocessing>
      </item>
      <item ident="text2qti_question_ba6d1154486ea9895da090588e1958aef7ac2e3e61d40494c8236659214ff9c4" title="Question">
        <itemmetadata>
          <qtimetadata>
            <qtimetadatafield>
              <fieldlabel>question_type</fieldlabel>
              <fieldentry>numerical_question</fieldentry>
            </qtimetadatafield>
            <qtimetadatafield>
              <fieldlabel>points_possible</fieldlabel>
              <fieldentry>1</fieldentry>
            </qtimetadatafield>
            <qtimetadatafield>
              <fieldlabel>original_answer_ids</fieldlabel>
              <fieldentry>text2qti_numerical_ba6d1154486ea9895da090588e1958aef7ac2e3e61d40494c8236659214ff9c4</fieldentry>
            </qtimetadatafield>
            <qtimetadatafield>
              <fieldlabel>assessment_question_identifierref</fieldlabel>
              <fieldentry>text2qti_question_ref_ba6d1154486ea9895da090588e1958aef7ac2e3e61d40494c8236659214ff9c4</fieldentry>
            </qtimetadatafield>
          </qtimetadata>
        </itemmetadata>
        <presentation>
          <material>
            <mattext texttype="text/html">&lt;p&gt;What is the standard deviation of &lt;em&gt;drat&lt;/em&gt; in the mtcars dataset?&lt;/p&gt;</mattext>
          </material>
          <response_str ident="response1" rcardinality="Single">
            <render_fib fibtype="Decimal">
              <response_label ident="answer1"/>
            </render_fib>
          </response_str>
        </presentation>
        <resprocessing>
          <outcomes>
            <decvar maxvalue="100" minvalue="0" varname="SCORE" vartype="Decimal"/>
          </outcomes>
          <respcondition continue="No">
            <conditionvar>
              <or>
                <varequal respident="response1">0.5347</varequal>
                <and>
                  <vargte respident="response1">0.4347</vargte>
                  <varlte respident="response1">0.6347</varlte>
                </and>
              </or>
            </conditionvar>
            <setvar action="Set" varname="SCORE">100</setvar>
          </respcondition>
        </resprocessing>
      </item>
      <item ident="text2qti_question_7a46c153be6fed4d6233bbdeda7a6743c741b0328115cd65ca851e27332de6e6" title="Question">
        <itemmetadata>
          <qtimetadata>
            <qtimetadatafield>
              <fieldlabel>question_type</fieldlabel>
              <fieldentry>numerical_question</fieldentry>
            </qtimetadatafield>
            <qtimetadatafield>
              <fieldlabel>points_possible</fieldlabel>
              <fieldentry>1</fieldentry>
            </qtimetadatafield>
            <qtimetadatafield>
              <fieldlabel>original_answer_ids</fieldlabel>
              <fieldentry>text2qti_numerical_7a46c153be6fed4d6233bbdeda7a6743c741b0328115cd65ca851e27332de6e6</fieldentry>
            </qtimetadatafield>
            <qtimetadatafield>
              <fieldlabel>assessment_question_identifierref</fieldlabel>
              <fieldentry>text2qti_question_ref_7a46c153be6fed4d6233bbdeda7a6743c741b0328115cd65ca851e27332de6e6</fieldentry>
            </qtimetadatafield>
          </qtimetadata>
        </itemmetadata>
        <presentation>
          <material>
            <mattext texttype="text/html">&lt;p&gt;What is the standard deviation of &lt;em&gt;wt&lt;/em&gt; in the mtcars dataset?&lt;/p&gt;</mattext>
          </material>
          <response_str ident="response1" rcardinality="Single">
            <render_fib fibtype="Decimal">
              <response_label ident="answer1"/>
            </render_fib>
          </response_str>
        </presentation>
        <resprocessing>
          <outcomes>
            <decvar maxvalue="100" minvalue="0" varname="SCORE" vartype="Decimal"/>
          </outcomes>
          <respcondition continue="No">
            <conditionvar>
              <or>
                <varequal respident="response1">0.9785</varequal>
                <and>
                  <vargte respident="response1">0.8785</vargte>
                  <varlte respident="response1">1.0785</varlte>
                </and>
              </or>
            </conditionvar>
            <setvar action="Set" varname="SCORE">100</setvar>
          </respcondition>
        </resprocessing>
      </item>
      <item ident="text2qti_question_ee4923dbcce41224e9e27883a9f9e851ab485d3b6496023f6f59414379637802" title="Question">
        <itemmetadata>
          <qtimetadata>
            <qtimetadatafield>
              <fieldlabel>question_type</fieldlabel>
              <fieldentry>numerical_question</fieldentry>
            </qtimetadatafield>
            <qtimetadatafield>
              <fieldlabel>points_possible</fieldlabel>
              <fieldentry>1</fieldentry>
            </qtimetadatafield>
            <qtimetadatafield>
              <fieldlabel>original_answer_ids</fieldlabel>
              <fieldentry>text2qti_numerical_ee4923dbcce41224e9e27883a9f9e851ab485d3b6496023f6f59414379637802</fieldentry>
            </qtimetadatafield>
            <qtimetadatafield>
              <fieldlabel>assessment_question_identifierref</fieldlabel>
              <fieldentry>text2qti_question_ref_ee4923dbcce41224e9e27883a9f9e851ab485d3b6496023f6f59414379637802</fieldentry>
            </qtimetadatafield>
          </qtimetadata>
        </itemmetadata>
        <presentation>
          <material>
            <mattext texttype="text/html">&lt;p&gt;What is the standard deviation of &lt;em&gt;qsec&lt;/em&gt; in the mtcars dataset?&lt;/p&gt;</mattext>
          </material>
          <response_str ident="response1" rcardinality="Single">
            <render_fib fibtype="Decimal">
              <response_label ident="answer1"/>
            </render_fib>
          </response_str>
        </presentation>
        <resprocessing>
          <outcomes>
            <decvar maxvalue="100" minvalue="0" varname="SCORE" vartype="Decimal"/>
          </outcomes>
          <respcondition continue="No">
            <conditionvar>
              <or>
                <varequal respident="response1">1.7869</varequal>
                <and>
                  <vargte respident="response1">1.6869</vargte>
                  <varlte respident="response1">1.8869</varlte>
                </and>
              </or>
            </conditionvar>
            <setvar action="Set" varname="SCORE">100</setvar>
          </respcondition>
        </resprocessing>
      </item>
      <item ident="text2qti_question_269e919dc022aa8279fd6222def467016fb91fa8900f7e045168e232c7309d3f" title="Question">
        <itemmetadata>
          <qtimetadata>
            <qtimetadatafield>
              <fieldlabel>question_type</fieldlabel>
              <fieldentry>numerical_question</fieldentry>
            </qtimetadatafield>
            <qtimetadatafield>
              <fieldlabel>points_possible</fieldlabel>
              <fieldentry>1</fieldentry>
            </qtimetadatafield>
            <qtimetadatafield>
              <fieldlabel>original_answer_ids</fieldlabel>
              <fieldentry>text2qti_numerical_269e919dc022aa8279fd6222def467016fb91fa8900f7e045168e232c7309d3f</fieldentry>
            </qtimetadatafield>
            <qtimetadatafield>
              <fieldlabel>assessment_question_identifierref</fieldlabel>
              <fieldentry>text2qti_question_ref_269e919dc022aa8279fd6222def467016fb91fa8900f7e045168e232c7309d3f</fieldentry>
            </qtimetadatafield>
          </qtimetadata>
        </itemmetadata>
        <presentation>
          <material>
            <mattext texttype="text/html">&lt;p&gt;What is the median of &lt;em&gt;mpg&lt;/em&gt; in the mtcars dataset?&lt;/p&gt;</mattext>
          </material>
          <response_str ident="response1" rcardinality="Single">
            <render_fib fibtype="Decimal">
              <response_label ident="answer1"/>
            </render_fib>
          </response_str>
        </presentation>
        <resprocessing>
          <outcomes>
            <decvar maxvalue="100" minvalue="0" varname="SCORE" vartype="Decimal"/>
          </outcomes>
          <respcondition continue="No">
            <conditionvar>
              <or>
                <varequal respident="response1">19.2000</varequal>
                <and>
                  <vargte respident="response1">19.1000</vargte>
                  <varlte respident="response1">19.3000</varlte>
                </and>
              </or>
            </conditionvar>
            <setvar action="Set" varname="SCORE">100</setvar>
          </respcondition>
        </resprocessing>
      </item>
      <item ident="text2qti_question_b6565537e80a7df400cc942c990627c100b459d9fd8b24d7b8629faf62b848c8" title="Question">
        <itemmetadata>
          <qtimetadata>
            <qtimetadatafield>
              <fieldlabel>question_type</fieldlabel>
              <fieldentry>numerical_question</fieldentry>
            </qtimetadatafield>
            <qtimetadatafield>
              <fieldlabel>points_possible</fieldlabel>
              <fieldentry>1</fieldentry>
            </qtimetadatafield>
            <qtimetadatafield>
              <fieldlabel>original_answer_ids</fieldlabel>
              <fieldentry>text2qti_numerical_b6565537e80a7df400cc942c990627c100b459d9fd8b24d7b8629faf62b848c8</fieldentry>
            </qtimetadatafield>
            <qtimetadatafield>
              <fieldlabel>assessment_question_identifierref</fieldlabel>
              <fieldentry>text2qti_question_ref_b6565537e80a7df400cc942c990627c100b459d9fd8b24d7b8629faf62b848c8</fieldentry>
            </qtimetadatafield>
          </qtimetadata>
        </itemmetadata>
        <presentation>
          <material>
            <mattext texttype="text/html">&lt;p&gt;What is the median of &lt;em&gt;disp&lt;/em&gt; in the mtcars dataset?&lt;/p&gt;</mattext>
          </material>
          <response_str ident="response1" rcardinality="Single">
            <render_fib fibtype="Decimal">
              <response_label ident="answer1"/>
            </render_fib>
          </response_str>
        </presentation>
        <resprocessing>
          <outcomes>
            <decvar maxvalue="100" minvalue="0" varname="SCORE" vartype="Decimal"/>
          </outcomes>
          <respcondition continue="No">
            <conditionvar>
              <or>
                <varequal respident="response1">196.3000</varequal>
                <and>
                  <vargte respident="response1">196.2000</vargte>
                  <varlte respident="response1">196.4000</varlte>
                </and>
              </or>
            </conditionvar>
            <setvar action="Set" varname="SCORE">100</setvar>
          </respcondition>
        </resprocessing>
      </item>
      <item ident="text2qti_question_535968cac79b925256bc8ad47d679dd213241f2548c3d1999cdd310e45f4d509" title="Question">
        <itemmetadata>
          <qtimetadata>
            <qtimetadatafield>
              <fieldlabel>question_type</fieldlabel>
              <fieldentry>numerical_question</fieldentry>
            </qtimetadatafield>
            <qtimetadatafield>
              <fieldlabel>points_possible</fieldlabel>
              <fieldentry>1</fieldentry>
            </qtimetadatafield>
            <qtimetadatafield>
              <fieldlabel>original_answer_ids</fieldlabel>
              <fieldentry>text2qti_numerical_535968cac79b925256bc8ad47d679dd213241f2548c3d1999cdd310e45f4d509</fieldentry>
            </qtimetadatafield>
            <qtimetadatafield>
              <fieldlabel>assessment_question_identifierref</fieldlabel>
              <fieldentry>text2qti_question_ref_535968cac79b925256bc8ad47d679dd213241f2548c3d1999cdd310e45f4d509</fieldentry>
            </qtimetadatafield>
          </qtimetadata>
        </itemmetadata>
        <presentation>
          <material>
            <mattext texttype="text/html">&lt;p&gt;What is the median of &lt;em&gt;hp&lt;/em&gt; in the mtcars dataset?&lt;/p&gt;</mattext>
          </material>
          <response_str ident="response1" rcardinality="Single">
            <render_fib fibtype="Decimal">
              <response_label ident="answer1"/>
            </render_fib>
          </response_str>
        </presentation>
        <resprocessing>
          <outcomes>
            <decvar maxvalue="100" minvalue="0" varname="SCORE" vartype="Decimal"/>
          </outcomes>
          <respcondition continue="No">
            <conditionvar>
              <or>
                <varequal respident="response1">123.0000</varequal>
                <and>
                  <vargte respident="response1">122.9000</vargte>
                  <varlte respident="response1">123.1000</varlte>
                </and>
              </or>
            </conditionvar>
            <setvar action="Set" varname="SCORE">100</setvar>
          </respcondition>
        </resprocessing>
      </item>
      <item ident="text2qti_question_07876b705aed7524122e503def1a3b2e33ad4ff17b7a286167d6d161f1138f1c" title="Question">
        <itemmetadata>
          <qtimetadata>
            <qtimetadatafield>
              <fieldlabel>question_type</fieldlabel>
              <fieldentry>numerical_question</fieldentry>
            </qtimetadatafield>
            <qtimetadatafield>
              <fieldlabel>points_possible</fieldlabel>
              <fieldentry>1</fieldentry>
            </qtimetadatafield>
            <qtimetadatafield>
              <fieldlabel>original_answer_ids</fieldlabel>
              <fieldentry>text2qti_numerical_07876b705aed7524122e503def1a3b2e33ad4ff17b7a286167d6d161f1138f1c</fieldentry>
            </qtimetadatafield>
            <qtimetadatafield>
              <fieldlabel>assessment_question_identifierref</fieldlabel>
              <fieldentry>text2qti_question_ref_07876b705aed7524122e503def1a3b2e33ad4ff17b7a286167d6d161f1138f1c</fieldentry>
            </qtimetadatafield>
          </qtimetadata>
        </itemmetadata>
        <presentation>
          <material>
            <mattext texttype="text/html">&lt;p&gt;What is the median of &lt;em&gt;drat&lt;/em&gt; in the mtcars dataset?&lt;/p&gt;</mattext>
          </material>
          <response_str ident="response1" rcardinality="Single">
            <render_fib fibtype="Decimal">
              <response_label ident="answer1"/>
            </render_fib>
          </response_str>
        </presentation>
        <resprocessing>
          <outcomes>
            <decvar maxvalue="100" minvalue="0" varname="SCORE" vartype="Decimal"/>
          </outcomes>
          <respcondition continue="No">
            <conditionvar>
              <or>
                <varequal respident="response1">3.6950</varequal>
                <and>
                  <vargte respident="response1">3.5950</vargte>
                  <varlte respident="response1">3.7950</varlte>
                </and>
              </or>
            </conditionvar>
            <setvar action="Set" varname="SCORE">100</setvar>
          </respcondition>
        </resprocessing>
      </item>
      <item ident="text2qti_question_eb050248784f212e58d1fade297b7359741e5811ca81e9f5335d8154c2ed0586" title="Question">
        <itemmetadata>
          <qtimetadata>
            <qtimetadatafield>
              <fieldlabel>question_type</fieldlabel>
              <fieldentry>numerical_question</fieldentry>
            </qtimetadatafield>
            <qtimetadatafield>
              <fieldlabel>points_possible</fieldlabel>
              <fieldentry>1</fieldentry>
            </qtimetadatafield>
            <qtimetadatafield>
              <fieldlabel>original_answer_ids</fieldlabel>
              <fieldentry>text2qti_numerical_eb050248784f212e58d1fade297b7359741e5811ca81e9f5335d8154c2ed0586</fieldentry>
            </qtimetadatafield>
            <qtimetadatafield>
              <fieldlabel>assessment_question_identifierref</fieldlabel>
              <fieldentry>text2qti_question_ref_eb050248784f212e58d1fade297b7359741e5811ca81e9f5335d8154c2ed0586</fieldentry>
            </qtimetadatafield>
          </qtimetadata>
        </itemmetadata>
        <presentation>
          <material>
            <mattext texttype="text/html">&lt;p&gt;What is the median of &lt;em&gt;wt&lt;/em&gt; in the mtcars dataset?&lt;/p&gt;</mattext>
          </material>
          <response_str ident="response1" rcardinality="Single">
            <render_fib fibtype="Decimal">
              <response_label ident="answer1"/>
            </render_fib>
          </response_str>
        </presentation>
        <resprocessing>
          <outcomes>
            <decvar maxvalue="100" minvalue="0" varname="SCORE" vartype="Decimal"/>
          </outcomes>
          <respcondition continue="No">
            <conditionvar>
              <or>
                <varequal respident="response1">3.3250</varequal>
                <and>
                  <vargte respident="response1">3.2250</vargte>
                  <varlte respident="response1">3.4250</varlte>
                </and>
              </or>
            </conditionvar>
            <setvar action="Set" varname="SCORE">100</setvar>
          </respcondition>
        </resprocessing>
      </item>
      <item ident="text2qti_question_b3345d97f7a4c7114e626e8e60c3367e49dca507767d286293304eccfdae30ee" title="Question">
        <itemmetadata>
          <qtimetadata>
            <qtimetadatafield>
              <fieldlabel>question_type</fieldlabel>
              <fieldentry>numerical_question</fieldentry>
            </qtimetadatafield>
            <qtimetadatafield>
              <fieldlabel>points_possible</fieldlabel>
              <fieldentry>1</fieldentry>
            </qtimetadatafield>
            <qtimetadatafield>
              <fieldlabel>original_answer_ids</fieldlabel>
              <fieldentry>text2qti_numerical_b3345d97f7a4c7114e626e8e60c3367e49dca507767d286293304eccfdae30ee</fieldentry>
            </qtimetadatafield>
            <qtimetadatafield>
              <fieldlabel>assessment_question_identifierref</fieldlabel>
              <fieldentry>text2qti_question_ref_b3345d97f7a4c7114e626e8e60c3367e49dca507767d286293304eccfdae30ee</fieldentry>
            </qtimetadatafield>
          </qtimetadata>
        </itemmetadata>
        <presentation>
          <material>
            <mattext texttype="text/html">&lt;p&gt;What is the median of &lt;em&gt;qsec&lt;/em&gt; in the mtcars dataset?&lt;/p&gt;</mattext>
          </material>
          <response_str ident="response1" rcardinality="Single">
            <render_fib fibtype="Decimal">
              <response_label ident="answer1"/>
            </render_fib>
          </response_str>
        </presentation>
        <resprocessing>
          <outcomes>
            <decvar maxvalue="100" minvalue="0" varname="SCORE" vartype="Decimal"/>
          </outcomes>
          <respcondition continue="No">
            <conditionvar>
              <or>
                <varequal respident="response1">17.7100</varequal>
                <and>
                  <vargte respident="response1">17.6100</vargte>
                  <varlte respident="response1">17.8100</varlte>
                </and>
              </or>
            </conditionvar>
            <setvar action="Set" varname="SCORE">100</setvar>
          </respcondition>
        </resprocessing>
      </item>
      <item ident="text2qti_question_3b45a6ad796c46e7df6760647cbe2e3d83884ab4d7a9433df13acab73379c809" title="Question">
        <itemmetadata>
          <qtimetadata>
            <qtimetadatafield>
              <fieldlabel>question_type</fieldlabel>
              <fieldentry>numerical_question</fieldentry>
            </qtimetadatafield>
            <qtimetadatafield>
              <fieldlabel>points_possible</fieldlabel>
              <fieldentry>1</fieldentry>
            </qtimetadatafield>
            <qtimetadatafield>
              <fieldlabel>original_answer_ids</fieldlabel>
              <fieldentry>text2qti_numerical_3b45a6ad796c46e7df6760647cbe2e3d83884ab4d7a9433df13acab73379c809</fieldentry>
            </qtimetadatafield>
            <qtimetadatafield>
              <fieldlabel>assessment_question_identifierref</fieldlabel>
              <fieldentry>text2qti_question_ref_3b45a6ad796c46e7df6760647cbe2e3d83884ab4d7a9433df13acab73379c809</fieldentry>
            </qtimetadatafield>
          </qtimetadata>
        </itemmetadata>
        <presentation>
          <material>
            <mattext texttype="text/html">&lt;p&gt;What is the inter quartile range of &lt;em&gt;mpg&lt;/em&gt; in the mtcars dataset?&lt;/p&gt;</mattext>
          </material>
          <response_str ident="response1" rcardinality="Single">
            <render_fib fibtype="Decimal">
              <response_label ident="answer1"/>
            </render_fib>
          </response_str>
        </presentation>
        <resprocessing>
          <outcomes>
            <decvar maxvalue="100" minvalue="0" varname="SCORE" vartype="Decimal"/>
          </outcomes>
          <respcondition continue="No">
            <conditionvar>
              <or>
                <varequal respident="response1">7.3750</varequal>
                <and>
                  <vargte respident="response1">7.2750</vargte>
                  <varlte respident="response1">7.4750</varlte>
                </and>
              </or>
            </conditionvar>
            <setvar action="Set" varname="SCORE">100</setvar>
          </respcondition>
        </resprocessing>
      </item>
      <item ident="text2qti_question_8a462023876b9540a15308d0ab5f1ddac8e548115005f88c653feb333b8d1563" title="Question">
        <itemmetadata>
          <qtimetadata>
            <qtimetadatafield>
              <fieldlabel>question_type</fieldlabel>
              <fieldentry>numerical_question</fieldentry>
            </qtimetadatafield>
            <qtimetadatafield>
              <fieldlabel>points_possible</fieldlabel>
              <fieldentry>1</fieldentry>
            </qtimetadatafield>
            <qtimetadatafield>
              <fieldlabel>original_answer_ids</fieldlabel>
              <fieldentry>text2qti_numerical_8a462023876b9540a15308d0ab5f1ddac8e548115005f88c653feb333b8d1563</fieldentry>
            </qtimetadatafield>
            <qtimetadatafield>
              <fieldlabel>assessment_question_identifierref</fieldlabel>
              <fieldentry>text2qti_question_ref_8a462023876b9540a15308d0ab5f1ddac8e548115005f88c653feb333b8d1563</fieldentry>
            </qtimetadatafield>
          </qtimetadata>
        </itemmetadata>
        <presentation>
          <material>
            <mattext texttype="text/html">&lt;p&gt;What is the inter quartile range of &lt;em&gt;disp&lt;/em&gt; in the mtcars dataset?&lt;/p&gt;</mattext>
          </material>
          <response_str ident="response1" rcardinality="Single">
            <render_fib fibtype="Decimal">
              <response_label ident="answer1"/>
            </render_fib>
          </response_str>
        </presentation>
        <resprocessing>
          <outcomes>
            <decvar maxvalue="100" minvalue="0" varname="SCORE" vartype="Decimal"/>
          </outcomes>
          <respcondition continue="No">
            <conditionvar>
              <or>
                <varequal respident="response1">205.1750</varequal>
                <and>
                  <vargte respident="response1">205.0750</vargte>
                  <varlte respident="response1">205.2750</varlte>
                </and>
              </or>
            </conditionvar>
            <setvar action="Set" varname="SCORE">100</setvar>
          </respcondition>
        </resprocessing>
      </item>
      <item ident="text2qti_question_a2f9650a9fb702d6ab0f9649d1c809dae41f6f8c1a6e1553ed79936b43843ade" title="Question">
        <itemmetadata>
          <qtimetadata>
            <qtimetadatafield>
              <fieldlabel>question_type</fieldlabel>
              <fieldentry>numerical_question</fieldentry>
            </qtimetadatafield>
            <qtimetadatafield>
              <fieldlabel>points_possible</fieldlabel>
              <fieldentry>1</fieldentry>
            </qtimetadatafield>
            <qtimetadatafield>
              <fieldlabel>original_answer_ids</fieldlabel>
              <fieldentry>text2qti_numerical_a2f9650a9fb702d6ab0f9649d1c809dae41f6f8c1a6e1553ed79936b43843ade</fieldentry>
            </qtimetadatafield>
            <qtimetadatafield>
              <fieldlabel>assessment_question_identifierref</fieldlabel>
              <fieldentry>text2qti_question_ref_a2f9650a9fb702d6ab0f9649d1c809dae41f6f8c1a6e1553ed79936b43843ade</fieldentry>
            </qtimetadatafield>
          </qtimetadata>
        </itemmetadata>
        <presentation>
          <material>
            <mattext texttype="text/html">&lt;p&gt;What is the inter quartile range of &lt;em&gt;hp&lt;/em&gt; in the mtcars dataset?&lt;/p&gt;</mattext>
          </material>
          <response_str ident="response1" rcardinality="Single">
            <render_fib fibtype="Decimal">
              <response_label ident="answer1"/>
            </render_fib>
          </response_str>
        </presentation>
        <resprocessing>
          <outcomes>
            <decvar maxvalue="100" minvalue="0" varname="SCORE" vartype="Decimal"/>
          </outcomes>
          <respcondition continue="No">
            <conditionvar>
              <or>
                <varequal respident="response1">83.5000</varequal>
                <and>
                  <vargte respident="response1">83.4000</vargte>
                  <varlte respident="response1">83.6000</varlte>
                </and>
              </or>
            </conditionvar>
            <setvar action="Set" varname="SCORE">100</setvar>
          </respcondition>
        </resprocessing>
      </item>
      <item ident="text2qti_question_2b7fc0e8431a55b094098eef76272b1f0e8d3939f6c449b3e7efafe76eea0a04" title="Question">
        <itemmetadata>
          <qtimetadata>
            <qtimetadatafield>
              <fieldlabel>question_type</fieldlabel>
              <fieldentry>numerical_question</fieldentry>
            </qtimetadatafield>
            <qtimetadatafield>
              <fieldlabel>points_possible</fieldlabel>
              <fieldentry>1</fieldentry>
            </qtimetadatafield>
            <qtimetadatafield>
              <fieldlabel>original_answer_ids</fieldlabel>
              <fieldentry>text2qti_numerical_2b7fc0e8431a55b094098eef76272b1f0e8d3939f6c449b3e7efafe76eea0a04</fieldentry>
            </qtimetadatafield>
            <qtimetadatafield>
              <fieldlabel>assessment_question_identifierref</fieldlabel>
              <fieldentry>text2qti_question_ref_2b7fc0e8431a55b094098eef76272b1f0e8d3939f6c449b3e7efafe76eea0a04</fieldentry>
            </qtimetadatafield>
          </qtimetadata>
        </itemmetadata>
        <presentation>
          <material>
            <mattext texttype="text/html">&lt;p&gt;What is the inter quartile range of &lt;em&gt;drat&lt;/em&gt; in the mtcars dataset?&lt;/p&gt;</mattext>
          </material>
          <response_str ident="response1" rcardinality="Single">
            <render_fib fibtype="Decimal">
              <response_label ident="answer1"/>
            </render_fib>
          </response_str>
        </presentation>
        <resprocessing>
          <outcomes>
            <decvar maxvalue="100" minvalue="0" varname="SCORE" vartype="Decimal"/>
          </outcomes>
          <respcondition continue="No">
            <conditionvar>
              <or>
                <varequal respident="response1">0.8400</varequal>
                <and>
                  <vargte respident="response1">0.7400</vargte>
                  <varlte respident="response1">0.9400</varlte>
                </and>
              </or>
            </conditionvar>
            <setvar action="Set" varname="SCORE">100</setvar>
          </respcondition>
        </resprocessing>
      </item>
      <item ident="text2qti_question_f74d99618703ce24d44bd66eb6263f027da943661fcc91910e20d5f959411c1d" title="Question">
        <itemmetadata>
          <qtimetadata>
            <qtimetadatafield>
              <fieldlabel>question_type</fieldlabel>
              <fieldentry>numerical_question</fieldentry>
            </qtimetadatafield>
            <qtimetadatafield>
              <fieldlabel>points_possible</fieldlabel>
              <fieldentry>1</fieldentry>
            </qtimetadatafield>
            <qtimetadatafield>
              <fieldlabel>original_answer_ids</fieldlabel>
              <fieldentry>text2qti_numerical_f74d99618703ce24d44bd66eb6263f027da943661fcc91910e20d5f959411c1d</fieldentry>
            </qtimetadatafield>
            <qtimetadatafield>
              <fieldlabel>assessment_question_identifierref</fieldlabel>
              <fieldentry>text2qti_question_ref_f74d99618703ce24d44bd66eb6263f027da943661fcc91910e20d5f959411c1d</fieldentry>
            </qtimetadatafield>
          </qtimetadata>
        </itemmetadata>
        <presentation>
          <material>
            <mattext texttype="text/html">&lt;p&gt;What is the inter quartile range of &lt;em&gt;wt&lt;/em&gt; in the mtcars dataset?&lt;/p&gt;</mattext>
          </material>
          <response_str ident="response1" rcardinality="Single">
            <render_fib fibtype="Decimal">
              <response_label ident="answer1"/>
            </render_fib>
          </response_str>
        </presentation>
        <resprocessing>
          <outcomes>
            <decvar maxvalue="100" minvalue="0" varname="SCORE" vartype="Decimal"/>
          </outcomes>
          <respcondition continue="No">
            <conditionvar>
              <or>
                <varequal respident="response1">1.0288</varequal>
                <and>
                  <vargte respident="response1">0.9288</vargte>
                  <varlte respident="response1">1.1288</varlte>
                </and>
              </or>
            </conditionvar>
            <setvar action="Set" varname="SCORE">100</setvar>
          </respcondition>
        </resprocessing>
      </item>
      <item ident="text2qti_question_848d178e1e78394b5ae60740e2473a933aa6bc47b5c374d3ff9b14853cb26137" title="Question">
        <itemmetadata>
          <qtimetadata>
            <qtimetadatafield>
              <fieldlabel>question_type</fieldlabel>
              <fieldentry>numerical_question</fieldentry>
            </qtimetadatafield>
            <qtimetadatafield>
              <fieldlabel>points_possible</fieldlabel>
              <fieldentry>1</fieldentry>
            </qtimetadatafield>
            <qtimetadatafield>
              <fieldlabel>original_answer_ids</fieldlabel>
              <fieldentry>text2qti_numerical_848d178e1e78394b5ae60740e2473a933aa6bc47b5c374d3ff9b14853cb26137</fieldentry>
            </qtimetadatafield>
            <qtimetadatafield>
              <fieldlabel>assessment_question_identifierref</fieldlabel>
              <fieldentry>text2qti_question_ref_848d178e1e78394b5ae60740e2473a933aa6bc47b5c374d3ff9b14853cb26137</fieldentry>
            </qtimetadatafield>
          </qtimetadata>
        </itemmetadata>
        <presentation>
          <material>
            <mattext texttype="text/html">&lt;p&gt;What is the inter quartile range of &lt;em&gt;qsec&lt;/em&gt; in the mtcars dataset?&lt;/p&gt;</mattext>
          </material>
          <response_str ident="response1" rcardinality="Single">
            <render_fib fibtype="Decimal">
              <response_label ident="answer1"/>
            </render_fib>
          </response_str>
        </presentation>
        <resprocessing>
          <outcomes>
            <decvar maxvalue="100" minvalue="0" varname="SCORE" vartype="Decimal"/>
          </outcomes>
          <respcondition continue="No">
            <conditionvar>
              <or>
                <varequal respident="response1">2.0075</varequal>
                <and>
                  <vargte respident="response1">1.9075</vargte>
                  <varlte respident="response1">2.1075</varlte>
                </and>
              </or>
            </conditionvar>
            <setvar action="Set" varname="SCORE">100</setvar>
          </respcondition>
        </resprocessing>
      </item>
      <item ident="text2qti_question_447e4f2841363c84b7cff28948a0f31f45a6b65545beff44b3f93bea7874d673" title="Question">
        <itemmetadata>
          <qtimetadata>
            <qtimetadatafield>
              <fieldlabel>question_type</fieldlabel>
              <fieldentry>numerical_question</fieldentry>
            </qtimetadatafield>
            <qtimetadatafield>
              <fieldlabel>points_possible</fieldlabel>
              <fieldentry>1</fieldentry>
            </qtimetadatafield>
            <qtimetadatafield>
              <fieldlabel>original_answer_ids</fieldlabel>
              <fieldentry>text2qti_numerical_447e4f2841363c84b7cff28948a0f31f45a6b65545beff44b3f93bea7874d673</fieldentry>
            </qtimetadatafield>
            <qtimetadatafield>
              <fieldlabel>assessment_question_identifierref</fieldlabel>
              <fieldentry>text2qti_question_ref_447e4f2841363c84b7cff28948a0f31f45a6b65545beff44b3f93bea7874d673</fieldentry>
            </qtimetadatafield>
          </qtimetadata>
        </itemmetadata>
        <presentation>
          <material>
            <mattext texttype="text/html">&lt;p&gt;What is the maximum value of &lt;em&gt;mpg&lt;/em&gt; in the mtcars dataset?&lt;/p&gt;</mattext>
          </material>
          <response_str ident="response1" rcardinality="Single">
            <render_fib fibtype="Decimal">
              <response_label ident="answer1"/>
            </render_fib>
          </response_str>
        </presentation>
        <resprocessing>
          <outcomes>
            <decvar maxvalue="100" minvalue="0" varname="SCORE" vartype="Decimal"/>
          </outcomes>
          <respcondition continue="No">
            <conditionvar>
              <or>
                <varequal respident="response1">33.9000</varequal>
                <and>
                  <vargte respident="response1">33.8000</vargte>
                  <varlte respident="response1">34.0000</varlte>
                </and>
              </or>
            </conditionvar>
            <setvar action="Set" varname="SCORE">100</setvar>
          </respcondition>
        </resprocessing>
      </item>
      <item ident="text2qti_question_df7a78a2221faa31cd09d6391bbea5a4c13c16c31d197ac28d2b0b9e83cf5ba9" title="Question">
        <itemmetadata>
          <qtimetadata>
            <qtimetadatafield>
              <fieldlabel>question_type</fieldlabel>
              <fieldentry>numerical_question</fieldentry>
            </qtimetadatafield>
            <qtimetadatafield>
              <fieldlabel>points_possible</fieldlabel>
              <fieldentry>1</fieldentry>
            </qtimetadatafield>
            <qtimetadatafield>
              <fieldlabel>original_answer_ids</fieldlabel>
              <fieldentry>text2qti_numerical_df7a78a2221faa31cd09d6391bbea5a4c13c16c31d197ac28d2b0b9e83cf5ba9</fieldentry>
            </qtimetadatafield>
            <qtimetadatafield>
              <fieldlabel>assessment_question_identifierref</fieldlabel>
              <fieldentry>text2qti_question_ref_df7a78a2221faa31cd09d6391bbea5a4c13c16c31d197ac28d2b0b9e83cf5ba9</fieldentry>
            </qtimetadatafield>
          </qtimetadata>
        </itemmetadata>
        <presentation>
          <material>
            <mattext texttype="text/html">&lt;p&gt;What is the maximum value of &lt;em&gt;disp&lt;/em&gt; in the mtcars dataset?&lt;/p&gt;</mattext>
          </material>
          <response_str ident="response1" rcardinality="Single">
            <render_fib fibtype="Decimal">
              <response_label ident="answer1"/>
            </render_fib>
          </response_str>
        </presentation>
        <resprocessing>
          <outcomes>
            <decvar maxvalue="100" minvalue="0" varname="SCORE" vartype="Decimal"/>
          </outcomes>
          <respcondition continue="No">
            <conditionvar>
              <or>
                <varequal respident="response1">472.0000</varequal>
                <and>
                  <vargte respident="response1">471.9000</vargte>
                  <varlte respident="response1">472.1000</varlte>
                </and>
              </or>
            </conditionvar>
            <setvar action="Set" varname="SCORE">100</setvar>
          </respcondition>
        </resprocessing>
      </item>
      <item ident="text2qti_question_75a8fc4f5c38c3ff2aa8e1c741fab79412b6549e535beda05c5900453f184cf6" title="Question">
        <itemmetadata>
          <qtimetadata>
            <qtimetadatafield>
              <fieldlabel>question_type</fieldlabel>
              <fieldentry>numerical_question</fieldentry>
            </qtimetadatafield>
            <qtimetadatafield>
              <fieldlabel>points_possible</fieldlabel>
              <fieldentry>1</fieldentry>
            </qtimetadatafield>
            <qtimetadatafield>
              <fieldlabel>original_answer_ids</fieldlabel>
              <fieldentry>text2qti_numerical_75a8fc4f5c38c3ff2aa8e1c741fab79412b6549e535beda05c5900453f184cf6</fieldentry>
            </qtimetadatafield>
            <qtimetadatafield>
              <fieldlabel>assessment_question_identifierref</fieldlabel>
              <fieldentry>text2qti_question_ref_75a8fc4f5c38c3ff2aa8e1c741fab79412b6549e535beda05c5900453f184cf6</fieldentry>
            </qtimetadatafield>
          </qtimetadata>
        </itemmetadata>
        <presentation>
          <material>
            <mattext texttype="text/html">&lt;p&gt;What is the maximum value of &lt;em&gt;hp&lt;/em&gt; in the mtcars dataset?&lt;/p&gt;</mattext>
          </material>
          <response_str ident="response1" rcardinality="Single">
            <render_fib fibtype="Decimal">
              <response_label ident="answer1"/>
            </render_fib>
          </response_str>
        </presentation>
        <resprocessing>
          <outcomes>
            <decvar maxvalue="100" minvalue="0" varname="SCORE" vartype="Decimal"/>
          </outcomes>
          <respcondition continue="No">
            <conditionvar>
              <or>
                <varequal respident="response1">335.0000</varequal>
                <and>
                  <vargte respident="response1">334.9000</vargte>
                  <varlte respident="response1">335.1000</varlte>
                </and>
              </or>
            </conditionvar>
            <setvar action="Set" varname="SCORE">100</setvar>
          </respcondition>
        </resprocessing>
      </item>
      <item ident="text2qti_question_97ab7b3f779b40f0adc577a736d2dace88e47154eafe2b25105dc4fc300c204b" title="Question">
        <itemmetadata>
          <qtimetadata>
            <qtimetadatafield>
              <fieldlabel>question_type</fieldlabel>
              <fieldentry>numerical_question</fieldentry>
            </qtimetadatafield>
            <qtimetadatafield>
              <fieldlabel>points_possible</fieldlabel>
              <fieldentry>1</fieldentry>
            </qtimetadatafield>
            <qtimetadatafield>
              <fieldlabel>original_answer_ids</fieldlabel>
              <fieldentry>text2qti_numerical_97ab7b3f779b40f0adc577a736d2dace88e47154eafe2b25105dc4fc300c204b</fieldentry>
            </qtimetadatafield>
            <qtimetadatafield>
              <fieldlabel>assessment_question_identifierref</fieldlabel>
              <fieldentry>text2qti_question_ref_97ab7b3f779b40f0adc577a736d2dace88e47154eafe2b25105dc4fc300c204b</fieldentry>
            </qtimetadatafield>
          </qtimetadata>
        </itemmetadata>
        <presentation>
          <material>
            <mattext texttype="text/html">&lt;p&gt;What is the maximum value of &lt;em&gt;drat&lt;/em&gt; in the mtcars dataset?&lt;/p&gt;</mattext>
          </material>
          <response_str ident="response1" rcardinality="Single">
            <render_fib fibtype="Decimal">
              <response_label ident="answer1"/>
            </render_fib>
          </response_str>
        </presentation>
        <resprocessing>
          <outcomes>
            <decvar maxvalue="100" minvalue="0" varname="SCORE" vartype="Decimal"/>
          </outcomes>
          <respcondition continue="No">
            <conditionvar>
              <or>
                <varequal respident="response1">4.9300</varequal>
                <and>
                  <vargte respident="response1">4.8300</vargte>
                  <varlte respident="response1">5.0300</varlte>
                </and>
              </or>
            </conditionvar>
            <setvar action="Set" varname="SCORE">100</setvar>
          </respcondition>
        </resprocessing>
      </item>
      <item ident="text2qti_question_971d3ffc547ae6699618e89f47b5631ef7f8cca5921fe90b36c687716aa405af" title="Question">
        <itemmetadata>
          <qtimetadata>
            <qtimetadatafield>
              <fieldlabel>question_type</fieldlabel>
              <fieldentry>numerical_question</fieldentry>
            </qtimetadatafield>
            <qtimetadatafield>
              <fieldlabel>points_possible</fieldlabel>
              <fieldentry>1</fieldentry>
            </qtimetadatafield>
            <qtimetadatafield>
              <fieldlabel>original_answer_ids</fieldlabel>
              <fieldentry>text2qti_numerical_971d3ffc547ae6699618e89f47b5631ef7f8cca5921fe90b36c687716aa405af</fieldentry>
            </qtimetadatafield>
            <qtimetadatafield>
              <fieldlabel>assessment_question_identifierref</fieldlabel>
              <fieldentry>text2qti_question_ref_971d3ffc547ae6699618e89f47b5631ef7f8cca5921fe90b36c687716aa405af</fieldentry>
            </qtimetadatafield>
          </qtimetadata>
        </itemmetadata>
        <presentation>
          <material>
            <mattext texttype="text/html">&lt;p&gt;What is the maximum value of &lt;em&gt;wt&lt;/em&gt; in the mtcars dataset?&lt;/p&gt;</mattext>
          </material>
          <response_str ident="response1" rcardinality="Single">
            <render_fib fibtype="Decimal">
              <response_label ident="answer1"/>
            </render_fib>
          </response_str>
        </presentation>
        <resprocessing>
          <outcomes>
            <decvar maxvalue="100" minvalue="0" varname="SCORE" vartype="Decimal"/>
          </outcomes>
          <respcondition continue="No">
            <conditionvar>
              <or>
                <varequal respident="response1">5.4240</varequal>
                <and>
                  <vargte respident="response1">5.3240</vargte>
                  <varlte respident="response1">5.5240</varlte>
                </and>
              </or>
            </conditionvar>
            <setvar action="Set" varname="SCORE">100</setvar>
          </respcondition>
        </resprocessing>
      </item>
      <item ident="text2qti_question_bad13b457860772776c6982fe602eed7d8f5ee5052733b2a98edbb1a5d163a9c" title="Question">
        <itemmetadata>
          <qtimetadata>
            <qtimetadatafield>
              <fieldlabel>question_type</fieldlabel>
              <fieldentry>numerical_question</fieldentry>
            </qtimetadatafield>
            <qtimetadatafield>
              <fieldlabel>points_possible</fieldlabel>
              <fieldentry>1</fieldentry>
            </qtimetadatafield>
            <qtimetadatafield>
              <fieldlabel>original_answer_ids</fieldlabel>
              <fieldentry>text2qti_numerical_bad13b457860772776c6982fe602eed7d8f5ee5052733b2a98edbb1a5d163a9c</fieldentry>
            </qtimetadatafield>
            <qtimetadatafield>
              <fieldlabel>assessment_question_identifierref</fieldlabel>
              <fieldentry>text2qti_question_ref_bad13b457860772776c6982fe602eed7d8f5ee5052733b2a98edbb1a5d163a9c</fieldentry>
            </qtimetadatafield>
          </qtimetadata>
        </itemmetadata>
        <presentation>
          <material>
            <mattext texttype="text/html">&lt;p&gt;What is the maximum value of &lt;em&gt;qsec&lt;/em&gt; in the mtcars dataset?&lt;/p&gt;</mattext>
          </material>
          <response_str ident="response1" rcardinality="Single">
            <render_fib fibtype="Decimal">
              <response_label ident="answer1"/>
            </render_fib>
          </response_str>
        </presentation>
        <resprocessing>
          <outcomes>
            <decvar maxvalue="100" minvalue="0" varname="SCORE" vartype="Decimal"/>
          </outcomes>
          <respcondition continue="No">
            <conditionvar>
              <or>
                <varequal respident="response1">22.9000</varequal>
                <and>
                  <vargte respident="response1">22.8000</vargte>
                  <varlte respident="response1">23.0000</varlte>
                </and>
              </or>
            </conditionvar>
            <setvar action="Set" varname="SCORE">100</setvar>
          </respcondition>
        </resprocessing>
      </item>
      <item ident="text2qti_question_d23cf1a0fdf0699bf22a1ec119e43e446ff0e6c8003c94d8ffebf72e8c6326d8" title="Question">
        <itemmetadata>
          <qtimetadata>
            <qtimetadatafield>
              <fieldlabel>question_type</fieldlabel>
              <fieldentry>numerical_question</fieldentry>
            </qtimetadatafield>
            <qtimetadatafield>
              <fieldlabel>points_possible</fieldlabel>
              <fieldentry>1</fieldentry>
            </qtimetadatafield>
            <qtimetadatafield>
              <fieldlabel>original_answer_ids</fieldlabel>
              <fieldentry>text2qti_numerical_d23cf1a0fdf0699bf22a1ec119e43e446ff0e6c8003c94d8ffebf72e8c6326d8</fieldentry>
            </qtimetadatafield>
            <qtimetadatafield>
              <fieldlabel>assessment_question_identifierref</fieldlabel>
              <fieldentry>text2qti_question_ref_d23cf1a0fdf0699bf22a1ec119e43e446ff0e6c8003c94d8ffebf72e8c6326d8</fieldentry>
            </qtimetadatafield>
          </qtimetadata>
        </itemmetadata>
        <presentation>
          <material>
            <mattext texttype="text/html">&lt;p&gt;What is the minimum value of &lt;em&gt;mpg&lt;/em&gt; in the mtcars dataset?&lt;/p&gt;</mattext>
          </material>
          <response_str ident="response1" rcardinality="Single">
            <render_fib fibtype="Decimal">
              <response_label ident="answer1"/>
            </render_fib>
          </response_str>
        </presentation>
        <resprocessing>
          <outcomes>
            <decvar maxvalue="100" minvalue="0" varname="SCORE" vartype="Decimal"/>
          </outcomes>
          <respcondition continue="No">
            <conditionvar>
              <or>
                <varequal respident="response1">10.4000</varequal>
                <and>
                  <vargte respident="response1">10.3000</vargte>
                  <varlte respident="response1">10.5000</varlte>
                </and>
              </or>
            </conditionvar>
            <setvar action="Set" varname="SCORE">100</setvar>
          </respcondition>
        </resprocessing>
      </item>
      <item ident="text2qti_question_1af583641953c43a6ae6106bcf0f9f58800a1d6321b5e997f6bc3a7b5a42c993" title="Question">
        <itemmetadata>
          <qtimetadata>
            <qtimetadatafield>
              <fieldlabel>question_type</fieldlabel>
              <fieldentry>numerical_question</fieldentry>
            </qtimetadatafield>
            <qtimetadatafield>
              <fieldlabel>points_possible</fieldlabel>
              <fieldentry>1</fieldentry>
            </qtimetadatafield>
            <qtimetadatafield>
              <fieldlabel>original_answer_ids</fieldlabel>
              <fieldentry>text2qti_numerical_1af583641953c43a6ae6106bcf0f9f58800a1d6321b5e997f6bc3a7b5a42c993</fieldentry>
            </qtimetadatafield>
            <qtimetadatafield>
              <fieldlabel>assessment_question_identifierref</fieldlabel>
              <fieldentry>text2qti_question_ref_1af583641953c43a6ae6106bcf0f9f58800a1d6321b5e997f6bc3a7b5a42c993</fieldentry>
            </qtimetadatafield>
          </qtimetadata>
        </itemmetadata>
        <presentation>
          <material>
            <mattext texttype="text/html">&lt;p&gt;What is the minimum value of &lt;em&gt;disp&lt;/em&gt; in the mtcars dataset?&lt;/p&gt;</mattext>
          </material>
          <response_str ident="response1" rcardinality="Single">
            <render_fib fibtype="Decimal">
              <response_label ident="answer1"/>
            </render_fib>
          </response_str>
        </presentation>
        <resprocessing>
          <outcomes>
            <decvar maxvalue="100" minvalue="0" varname="SCORE" vartype="Decimal"/>
          </outcomes>
          <respcondition continue="No">
            <conditionvar>
              <or>
                <varequal respident="response1">71.1000</varequal>
                <and>
                  <vargte respident="response1">71.0000</vargte>
                  <varlte respident="response1">71.2000</varlte>
                </and>
              </or>
            </conditionvar>
            <setvar action="Set" varname="SCORE">100</setvar>
          </respcondition>
        </resprocessing>
      </item>
      <item ident="text2qti_question_82bbd778beb2781c18370255be6ae2689a070ccbeadd626e1a447c2b655400e5" title="Question">
        <itemmetadata>
          <qtimetadata>
            <qtimetadatafield>
              <fieldlabel>question_type</fieldlabel>
              <fieldentry>numerical_question</fieldentry>
            </qtimetadatafield>
            <qtimetadatafield>
              <fieldlabel>points_possible</fieldlabel>
              <fieldentry>1</fieldentry>
            </qtimetadatafield>
            <qtimetadatafield>
              <fieldlabel>original_answer_ids</fieldlabel>
              <fieldentry>text2qti_numerical_82bbd778beb2781c18370255be6ae2689a070ccbeadd626e1a447c2b655400e5</fieldentry>
            </qtimetadatafield>
            <qtimetadatafield>
              <fieldlabel>assessment_question_identifierref</fieldlabel>
              <fieldentry>text2qti_question_ref_82bbd778beb2781c18370255be6ae2689a070ccbeadd626e1a447c2b655400e5</fieldentry>
            </qtimetadatafield>
          </qtimetadata>
        </itemmetadata>
        <presentation>
          <material>
            <mattext texttype="text/html">&lt;p&gt;What is the minimum value of &lt;em&gt;hp&lt;/em&gt; in the mtcars dataset?&lt;/p&gt;</mattext>
          </material>
          <response_str ident="response1" rcardinality="Single">
            <render_fib fibtype="Decimal">
              <response_label ident="answer1"/>
            </render_fib>
          </response_str>
        </presentation>
        <resprocessing>
          <outcomes>
            <decvar maxvalue="100" minvalue="0" varname="SCORE" vartype="Decimal"/>
          </outcomes>
          <respcondition continue="No">
            <conditionvar>
              <or>
                <varequal respident="response1">52.0000</varequal>
                <and>
                  <vargte respident="response1">51.9000</vargte>
                  <varlte respident="response1">52.1000</varlte>
                </and>
              </or>
            </conditionvar>
            <setvar action="Set" varname="SCORE">100</setvar>
          </respcondition>
        </resprocessing>
      </item>
      <item ident="text2qti_question_3a65e2a052051cfd7a9cb79512780a852b21657ed7303b177f7e747fbfb56abd" title="Question">
        <itemmetadata>
          <qtimetadata>
            <qtimetadatafield>
              <fieldlabel>question_type</fieldlabel>
              <fieldentry>numerical_question</fieldentry>
            </qtimetadatafield>
            <qtimetadatafield>
              <fieldlabel>points_possible</fieldlabel>
              <fieldentry>1</fieldentry>
            </qtimetadatafield>
            <qtimetadatafield>
              <fieldlabel>original_answer_ids</fieldlabel>
              <fieldentry>text2qti_numerical_3a65e2a052051cfd7a9cb79512780a852b21657ed7303b177f7e747fbfb56abd</fieldentry>
            </qtimetadatafield>
            <qtimetadatafield>
              <fieldlabel>assessment_question_identifierref</fieldlabel>
              <fieldentry>text2qti_question_ref_3a65e2a052051cfd7a9cb79512780a852b21657ed7303b177f7e747fbfb56abd</fieldentry>
            </qtimetadatafield>
          </qtimetadata>
        </itemmetadata>
        <presentation>
          <material>
            <mattext texttype="text/html">&lt;p&gt;What is the minimum value of &lt;em&gt;drat&lt;/em&gt; in the mtcars dataset?&lt;/p&gt;</mattext>
          </material>
          <response_str ident="response1" rcardinality="Single">
            <render_fib fibtype="Decimal">
              <response_label ident="answer1"/>
            </render_fib>
          </response_str>
        </presentation>
        <resprocessing>
          <outcomes>
            <decvar maxvalue="100" minvalue="0" varname="SCORE" vartype="Decimal"/>
          </outcomes>
          <respcondition continue="No">
            <conditionvar>
              <or>
                <varequal respident="response1">2.7600</varequal>
                <and>
                  <vargte respident="response1">2.6600</vargte>
                  <varlte respident="response1">2.8600</varlte>
                </and>
              </or>
            </conditionvar>
            <setvar action="Set" varname="SCORE">100</setvar>
          </respcondition>
        </resprocessing>
      </item>
      <item ident="text2qti_question_7ddef560773ad297f3c9f999b9360aa4037bc0aaf59e94b8ced4fc0442fbea4d" title="Question">
        <itemmetadata>
          <qtimetadata>
            <qtimetadatafield>
              <fieldlabel>question_type</fieldlabel>
              <fieldentry>numerical_question</fieldentry>
            </qtimetadatafield>
            <qtimetadatafield>
              <fieldlabel>points_possible</fieldlabel>
              <fieldentry>1</fieldentry>
            </qtimetadatafield>
            <qtimetadatafield>
              <fieldlabel>original_answer_ids</fieldlabel>
              <fieldentry>text2qti_numerical_7ddef560773ad297f3c9f999b9360aa4037bc0aaf59e94b8ced4fc0442fbea4d</fieldentry>
            </qtimetadatafield>
            <qtimetadatafield>
              <fieldlabel>assessment_question_identifierref</fieldlabel>
              <fieldentry>text2qti_question_ref_7ddef560773ad297f3c9f999b9360aa4037bc0aaf59e94b8ced4fc0442fbea4d</fieldentry>
            </qtimetadatafield>
          </qtimetadata>
        </itemmetadata>
        <presentation>
          <material>
            <mattext texttype="text/html">&lt;p&gt;What is the minimum value of &lt;em&gt;wt&lt;/em&gt; in the mtcars dataset?&lt;/p&gt;</mattext>
          </material>
          <response_str ident="response1" rcardinality="Single">
            <render_fib fibtype="Decimal">
              <response_label ident="answer1"/>
            </render_fib>
          </response_str>
        </presentation>
        <resprocessing>
          <outcomes>
            <decvar maxvalue="100" minvalue="0" varname="SCORE" vartype="Decimal"/>
          </outcomes>
          <respcondition continue="No">
            <conditionvar>
              <or>
                <varequal respident="response1">1.5130</varequal>
                <and>
                  <vargte respident="response1">1.4130</vargte>
                  <varlte respident="response1">1.6130</varlte>
                </and>
              </or>
            </conditionvar>
            <setvar action="Set" varname="SCORE">100</setvar>
          </respcondition>
        </resprocessing>
      </item>
      <item ident="text2qti_question_81de9d2d8d31769c3f7d21dc4c1c68a943471e0065c212dfec7dc9a8abe8acf1" title="Question">
        <itemmetadata>
          <qtimetadata>
            <qtimetadatafield>
              <fieldlabel>question_type</fieldlabel>
              <fieldentry>numerical_question</fieldentry>
            </qtimetadatafield>
            <qtimetadatafield>
              <fieldlabel>points_possible</fieldlabel>
              <fieldentry>1</fieldentry>
            </qtimetadatafield>
            <qtimetadatafield>
              <fieldlabel>original_answer_ids</fieldlabel>
              <fieldentry>text2qti_numerical_81de9d2d8d31769c3f7d21dc4c1c68a943471e0065c212dfec7dc9a8abe8acf1</fieldentry>
            </qtimetadatafield>
            <qtimetadatafield>
              <fieldlabel>assessment_question_identifierref</fieldlabel>
              <fieldentry>text2qti_question_ref_81de9d2d8d31769c3f7d21dc4c1c68a943471e0065c212dfec7dc9a8abe8acf1</fieldentry>
            </qtimetadatafield>
          </qtimetadata>
        </itemmetadata>
        <presentation>
          <material>
            <mattext texttype="text/html">&lt;p&gt;What is the minimum value of &lt;em&gt;qsec&lt;/em&gt; in the mtcars dataset?&lt;/p&gt;</mattext>
          </material>
          <response_str ident="response1" rcardinality="Single">
            <render_fib fibtype="Decimal">
              <response_label ident="answer1"/>
            </render_fib>
          </response_str>
        </presentation>
        <resprocessing>
          <outcomes>
            <decvar maxvalue="100" minvalue="0" varname="SCORE" vartype="Decimal"/>
          </outcomes>
          <respcondition continue="No">
            <conditionvar>
              <or>
                <varequal respident="response1">14.5000</varequal>
                <and>
                  <vargte respident="response1">14.4000</vargte>
                  <varlte respident="response1">14.6000</varlte>
                </and>
              </or>
            </conditionvar>
            <setvar action="Set" varname="SCORE">100</setvar>
          </respcondition>
        </resprocessing>
      </item>
    </section>
  </assessment>
</questestinterop>
