<?xml version="1.0" encoding="UTF-8"?>
<questestinterop xmlns="http://www.imsglobal.org/xsd/ims_qtiasiv1p2" xmlns:xsi="http://www.w3.org/2001/XMLSchema-instance" xsi:schemaLocation="http://www.imsglobal.org/xsd/ims_qtiasiv1p2 http://www.imsglobal.org/xsd/ims_qtiasiv1p2p1.xsd">
  <assessment ident="text2qti_assessment_7bb1524ac4d7f9a91bc1b64fe1903394f00201d8de9113068d1b35c9d651d5f0" title="Quiz">
    <qtimetadata>
      <qtimetadatafield>
        <fieldlabel>cc_maxattempts</fieldlabel>
        <fieldentry>1</fieldentry>
      </qtimetadatafield>
    </qtimetadata>
    <section ident="root_section">
      <item ident="text2qti_question_7e2a20445a0bfbdccba3ee1b8088752cc3fdfed449e520a5d96db6c184ec4b07" title="Question">
        <itemmetadata>
          <qtimetadata>
            <qtimetadatafield>
              <fieldlabel>question_type</fieldlabel>
              <fieldentry>essay_question</fieldentry>
            </qtimetadatafield>
            <qtimetadatafield>
              <fieldlabel>points_possible</fieldlabel>
              <fieldentry>1</fieldentry>
            </qtimetadatafield>
            <qtimetadatafield>
              <fieldlabel>original_answer_ids</fieldlabel>
              <fieldentry></fieldentry>
            </qtimetadatafield>
            <qtimetadatafield>
              <fieldlabel>assessment_question_identifierref</fieldlabel>
              <fieldentry>text2qti_question_ref_7e2a20445a0bfbdccba3ee1b8088752cc3fdfed449e520a5d96db6c184ec4b07</fieldentry>
            </qtimetadatafield>
          </qtimetadata>
        </itemmetadata>
        <presentation>
          <material>
            <mattext texttype="text/html">&lt;h1&gt;ds001&lt;/h1&gt;
&lt;p&gt;For assignment 1 you have been allocated the dataset &amp;lsquo;ds001&amp;rsquo; (Lettuce Growth Days Analysis). 
&lt;p&gt;You MUST use this dataset for your assignment.
&lt;/p&gt;&lt;/p&gt;
&lt;p&gt;You can get your dataset from &lt;i&gt;https://www.kaggle.com/datasets/jurijsruko/lettuce&lt;/i&gt;
&lt;/p&gt;
&lt;p&gt;The file(s) is called 'lettuce_dataset.csv' and is 101.81 kB in size.
&lt;/p&gt;
&lt;p&gt;It contains data about Lettuce growth. Subject Area: AGRICULTURE.
&lt;/p&gt;
&lt;p&gt;&lt;b&gt;You MUST type or copy/paste &lt;span style='background-color:yellow'&gt;ds001&lt;/span&gt; in the box below to confirm you have read this question and understand which dataset you must use.&lt;/b&gt;
&lt;/p&gt;
&lt;p&gt;This is essential for your assignment to be considered valid.
&lt;/p&gt;
&lt;p&gt;If you have any problems with downloading or using the dataset please raise this on Slack in the #Assignments channel
&lt;/p&gt;
&lt;p&gt;The full assignment (and the place where you will submit your work) is at: https://herts.instructure.com/courses/124322/assignments/382268&lt;/p&gt;</mattext>
          </material>
          <response_str ident="response1" rcardinality="Single">
            <render_fib>
              <response_label ident="answer1" rshuffle="No"/>
            </render_fib>
          </response_str>
        </presentation>
        <resprocessing>
          <outcomes>
            <decvar maxvalue="100" minvalue="0" varname="SCORE" vartype="Decimal"/>
          </outcomes>
          <respcondition continue="No">
            <conditionvar>
              <other/>
            </conditionvar>
          </respcondition>
          <respcondition continue="Yes">
            <conditionvar>
              <other/>
            </conditionvar>
            <displayfeedback feedbacktype="Response" linkrefid="general_fb"/>
          </respcondition>
        </resprocessing>
        <itemfeedback ident="general_fb">
          <flow_mat>
            <material>
              <mattext texttype="text/html">&lt;p&gt;Go back to assignment 1 at: https://herts.instructure.com/courses/124322/assignments/382268 where the full requirements are laid out&lt;/p&gt;</mattext>
            </material>
          </flow_mat>
        </itemfeedback>
      </item>
      <item ident="text2qti_question_908e72ba90af76c88e8fc8396e73d52ddd1244ea7b4531c970e5eaf846369313" title="Question">
        <itemmetadata>
          <qtimetadata>
            <qtimetadatafield>
              <fieldlabel>question_type</fieldlabel>
              <fieldentry>essay_question</fieldentry>
            </qtimetadatafield>
            <qtimetadatafield>
              <fieldlabel>points_possible</fieldlabel>
              <fieldentry>1</fieldentry>
            </qtimetadatafield>
            <qtimetadatafield>
              <fieldlabel>original_answer_ids</fieldlabel>
              <fieldentry></fieldentry>
            </qtimetadatafield>
            <qtimetadatafield>
              <fieldlabel>assessment_question_identifierref</fieldlabel>
              <fieldentry>text2qti_question_ref_908e72ba90af76c88e8fc8396e73d52ddd1244ea7b4531c970e5eaf846369313</fieldentry>
            </qtimetadatafield>
          </qtimetadata>
        </itemmetadata>
        <presentation>
          <material>
            <mattext texttype="text/html">&lt;h1&gt;ds002&lt;/h1&gt;
&lt;p&gt;For assignment 1 you have been allocated the dataset &amp;lsquo;ds002&amp;rsquo; (Student Depression Dataset). 
&lt;p&gt;You MUST use this dataset for your assignment.
&lt;/p&gt;&lt;/p&gt;
&lt;p&gt;You can get your dataset from &lt;i&gt;https://www.kaggle.com/datasets/adilshamim8/student-depression-dataset&lt;/i&gt;
&lt;/p&gt;
&lt;p&gt;The file(s) is called 'student_depression_dataset.csv(2.9 MB)' and is 2.9 MB in size.
&lt;/p&gt;
&lt;p&gt;It contains data about High School Mental Health. Subject Area: HEALTH.
&lt;/p&gt;
&lt;p&gt;&lt;b&gt;You MUST type or copy/paste &lt;span style='background-color:yellow'&gt;ds002&lt;/span&gt; in the box below to confirm you have read this question and understand which dataset you must use.&lt;/b&gt;
&lt;/p&gt;
&lt;p&gt;This is essential for your assignment to be considered valid.
&lt;/p&gt;
&lt;p&gt;If you have any problems with downloading or using the dataset please raise this on Slack in the #Assignments channel
&lt;/p&gt;
&lt;p&gt;The full assignment (and the place where you will submit your work) is at: https://herts.instructure.com/courses/124322/assignments/382268&lt;/p&gt;</mattext>
          </material>
          <response_str ident="response1" rcardinality="Single">
            <render_fib>
              <response_label ident="answer1" rshuffle="No"/>
            </render_fib>
          </response_str>
        </presentation>
        <resprocessing>
          <outcomes>
            <decvar maxvalue="100" minvalue="0" varname="SCORE" vartype="Decimal"/>
          </outcomes>
          <respcondition continue="No">
            <conditionvar>
              <other/>
            </conditionvar>
          </respcondition>
          <respcondition continue="Yes">
            <conditionvar>
              <other/>
            </conditionvar>
            <displayfeedback feedbacktype="Response" linkrefid="general_fb"/>
          </respcondition>
        </resprocessing>
        <itemfeedback ident="general_fb">
          <flow_mat>
            <material>
              <mattext texttype="text/html">&lt;p&gt;Go back to assignment 1 at: https://herts.instructure.com/courses/124322/assignments/382268 where the full requirements are laid out&lt;/p&gt;</mattext>
            </material>
          </flow_mat>
        </itemfeedback>
      </item>
      <item ident="text2qti_question_6bf542d06b7632c84cabcbab7e2f9f508272e948fdb9dd800b1833a2441a68fe" title="Question">
        <itemmetadata>
          <qtimetadata>
            <qtimetadatafield>
              <fieldlabel>question_type</fieldlabel>
              <fieldentry>essay_question</fieldentry>
            </qtimetadatafield>
            <qtimetadatafield>
              <fieldlabel>points_possible</fieldlabel>
              <fieldentry>1</fieldentry>
            </qtimetadatafield>
            <qtimetadatafield>
              <fieldlabel>original_answer_ids</fieldlabel>
              <fieldentry></fieldentry>
            </qtimetadatafield>
            <qtimetadatafield>
              <fieldlabel>assessment_question_identifierref</fieldlabel>
              <fieldentry>text2qti_question_ref_6bf542d06b7632c84cabcbab7e2f9f508272e948fdb9dd800b1833a2441a68fe</fieldentry>
            </qtimetadatafield>
          </qtimetadata>
        </itemmetadata>
        <presentation>
          <material>
            <mattext texttype="text/html">&lt;h1&gt;ds003&lt;/h1&gt;
&lt;p&gt;For assignment 1 you have been allocated the dataset &amp;lsquo;ds003&amp;rsquo; (Loan Approval Classification Dataset). 
&lt;p&gt;You MUST use this dataset for your assignment.
&lt;/p&gt;&lt;/p&gt;
&lt;p&gt;You can get your dataset from &lt;i&gt;https://www.kaggle.com/datasets/taweilo/loan-approval-classification-data&lt;/i&gt;
&lt;/p&gt;
&lt;p&gt;The file(s) is called 'loan_data.csv(3.61 MB)' and is 3.61 MB in size.
&lt;/p&gt;
&lt;p&gt;It contains data about Loan Approval. Subject Area: FINANCE.
&lt;/p&gt;
&lt;p&gt;&lt;b&gt;You MUST type or copy/paste &lt;span style='background-color:yellow'&gt;ds003&lt;/span&gt; in the box below to confirm you have read this question and understand which dataset you must use.&lt;/b&gt;
&lt;/p&gt;
&lt;p&gt;This is essential for your assignment to be considered valid.
&lt;/p&gt;
&lt;p&gt;If you have any problems with downloading or using the dataset please raise this on Slack in the #Assignments channel
&lt;/p&gt;
&lt;p&gt;The full assignment (and the place where you will submit your work) is at: https://herts.instructure.com/courses/124322/assignments/382268&lt;/p&gt;</mattext>
          </material>
          <response_str ident="response1" rcardinality="Single">
            <render_fib>
              <response_label ident="answer1" rshuffle="No"/>
            </render_fib>
          </response_str>
        </presentation>
        <resprocessing>
          <outcomes>
            <decvar maxvalue="100" minvalue="0" varname="SCORE" vartype="Decimal"/>
          </outcomes>
          <respcondition continue="No">
            <conditionvar>
              <other/>
            </conditionvar>
          </respcondition>
          <respcondition continue="Yes">
            <conditionvar>
              <other/>
            </conditionvar>
            <displayfeedback feedbacktype="Response" linkrefid="general_fb"/>
          </respcondition>
        </resprocessing>
        <itemfeedback ident="general_fb">
          <flow_mat>
            <material>
              <mattext texttype="text/html">&lt;p&gt;Go back to assignment 1 at: https://herts.instructure.com/courses/124322/assignments/382268 where the full requirements are laid out&lt;/p&gt;</mattext>
            </material>
          </flow_mat>
        </itemfeedback>
      </item>
      <item ident="text2qti_question_b053d478479121d5e7107be7c06ce430e770c0b1d3c9a04425584dfd8cf5f3b5" title="Question">
        <itemmetadata>
          <qtimetadata>
            <qtimetadatafield>
              <fieldlabel>question_type</fieldlabel>
              <fieldentry>essay_question</fieldentry>
            </qtimetadatafield>
            <qtimetadatafield>
              <fieldlabel>points_possible</fieldlabel>
              <fieldentry>1</fieldentry>
            </qtimetadatafield>
            <qtimetadatafield>
              <fieldlabel>original_answer_ids</fieldlabel>
              <fieldentry></fieldentry>
            </qtimetadatafield>
            <qtimetadatafield>
              <fieldlabel>assessment_question_identifierref</fieldlabel>
              <fieldentry>text2qti_question_ref_b053d478479121d5e7107be7c06ce430e770c0b1d3c9a04425584dfd8cf5f3b5</fieldentry>
            </qtimetadatafield>
          </qtimetadata>
        </itemmetadata>
        <presentation>
          <material>
            <mattext texttype="text/html">&lt;h1&gt;ds004&lt;/h1&gt;
&lt;p&gt;For assignment 1 you have been allocated the dataset &amp;lsquo;ds004&amp;rsquo; (Remote Work &amp;amp; Mental Health 🌍🧠). 
&lt;p&gt;You MUST use this dataset for your assignment.
&lt;/p&gt;&lt;/p&gt;
&lt;p&gt;You can get your dataset from &lt;i&gt;https://www.kaggle.com/datasets/waqi786/remote-work-and-mental-health&lt;/i&gt;
&lt;/p&gt;
&lt;p&gt;The file(s) is called 'Impact_of_Remote_Work_on_Mental_Health.csv(59' and is 598 kB in size.
&lt;/p&gt;
&lt;p&gt;It contains data about Physical Modes of Work. Subject Area: EMPLOYMENT/ENVIRONMENTAL.
&lt;/p&gt;
&lt;p&gt;&lt;b&gt;You MUST type or copy/paste &lt;span style='background-color:yellow'&gt;ds004&lt;/span&gt; in the box below to confirm you have read this question and understand which dataset you must use.&lt;/b&gt;
&lt;/p&gt;
&lt;p&gt;This is essential for your assignment to be considered valid.
&lt;/p&gt;
&lt;p&gt;If you have any problems with downloading or using the dataset please raise this on Slack in the #Assignments channel
&lt;/p&gt;
&lt;p&gt;The full assignment (and the place where you will submit your work) is at: https://herts.instructure.com/courses/124322/assignments/382268&lt;/p&gt;</mattext>
          </material>
          <response_str ident="response1" rcardinality="Single">
            <render_fib>
              <response_label ident="answer1" rshuffle="No"/>
            </render_fib>
          </response_str>
        </presentation>
        <resprocessing>
          <outcomes>
            <decvar maxvalue="100" minvalue="0" varname="SCORE" vartype="Decimal"/>
          </outcomes>
          <respcondition continue="No">
            <conditionvar>
              <other/>
            </conditionvar>
          </respcondition>
          <respcondition continue="Yes">
            <conditionvar>
              <other/>
            </conditionvar>
            <displayfeedback feedbacktype="Response" linkrefid="general_fb"/>
          </respcondition>
        </resprocessing>
        <itemfeedback ident="general_fb">
          <flow_mat>
            <material>
              <mattext texttype="text/html">&lt;p&gt;Go back to assignment 1 at: https://herts.instructure.com/courses/124322/assignments/382268 where the full requirements are laid out&lt;/p&gt;</mattext>
            </material>
          </flow_mat>
        </itemfeedback>
      </item>
      <item ident="text2qti_question_2c4a8bc37137e7dff70e918434e410f7157047480aec8428a37945c1752aed84" title="Question">
        <itemmetadata>
          <qtimetadata>
            <qtimetadatafield>
              <fieldlabel>question_type</fieldlabel>
              <fieldentry>essay_question</fieldentry>
            </qtimetadatafield>
            <qtimetadatafield>
              <fieldlabel>points_possible</fieldlabel>
              <fieldentry>1</fieldentry>
            </qtimetadatafield>
            <qtimetadatafield>
              <fieldlabel>original_answer_ids</fieldlabel>
              <fieldentry></fieldentry>
            </qtimetadatafield>
            <qtimetadatafield>
              <fieldlabel>assessment_question_identifierref</fieldlabel>
              <fieldentry>text2qti_question_ref_2c4a8bc37137e7dff70e918434e410f7157047480aec8428a37945c1752aed84</fieldentry>
            </qtimetadatafield>
          </qtimetadata>
        </itemmetadata>
        <presentation>
          <material>
            <mattext texttype="text/html">&lt;h1&gt;ds005&lt;/h1&gt;
&lt;p&gt;For assignment 1 you have been allocated the dataset &amp;lsquo;ds005&amp;rsquo; (Unemployment rates by Metropolitan Statistical Area 1990-2016). 
&lt;p&gt;You MUST use this dataset for your assignment.
&lt;/p&gt;&lt;/p&gt;
&lt;p&gt;You can get your dataset from &lt;i&gt;https://data.world/garyhoov/unemployment-rate-by-city&lt;/i&gt;
&lt;/p&gt;
&lt;p&gt;The file(s) is called 'Unemployment rates by Metropolitan Statistical Area 1990-2016.xlsx' and is 7.28 MB in size.
&lt;/p&gt;
&lt;p&gt;It contains data about Unemployment rates in US - split by metropolitan area and by year frm 1990 - 2016. Subject Area: ECONOMY.
&lt;/p&gt;
&lt;p&gt;&lt;b&gt;You MUST type or copy/paste &lt;span style='background-color:yellow'&gt;ds005&lt;/span&gt; in the box below to confirm you have read this question and understand which dataset you must use.&lt;/b&gt;
&lt;/p&gt;
&lt;p&gt;This is essential for your assignment to be considered valid.
&lt;/p&gt;
&lt;p&gt;If you have any problems with downloading or using the dataset please raise this on Slack in the #Assignments channel
&lt;/p&gt;
&lt;p&gt;The full assignment (and the place where you will submit your work) is at: https://herts.instructure.com/courses/124322/assignments/382268&lt;/p&gt;</mattext>
          </material>
          <response_str ident="response1" rcardinality="Single">
            <render_fib>
              <response_label ident="answer1" rshuffle="No"/>
            </render_fib>
          </response_str>
        </presentation>
        <resprocessing>
          <outcomes>
            <decvar maxvalue="100" minvalue="0" varname="SCORE" vartype="Decimal"/>
          </outcomes>
          <respcondition continue="No">
            <conditionvar>
              <other/>
            </conditionvar>
          </respcondition>
          <respcondition continue="Yes">
            <conditionvar>
              <other/>
            </conditionvar>
            <displayfeedback feedbacktype="Response" linkrefid="general_fb"/>
          </respcondition>
        </resprocessing>
        <itemfeedback ident="general_fb">
          <flow_mat>
            <material>
              <mattext texttype="text/html">&lt;p&gt;Go back to assignment 1 at: https://herts.instructure.com/courses/124322/assignments/382268 where the full requirements are laid out&lt;/p&gt;</mattext>
            </material>
          </flow_mat>
        </itemfeedback>
      </item>
      <item ident="text2qti_question_907bf613eea35daec33f168fe6ddb99f2a4241c0ea3e79a44948d522c95d8b45" title="Question">
        <itemmetadata>
          <qtimetadata>
            <qtimetadatafield>
              <fieldlabel>question_type</fieldlabel>
              <fieldentry>essay_question</fieldentry>
            </qtimetadatafield>
            <qtimetadatafield>
              <fieldlabel>points_possible</fieldlabel>
              <fieldentry>1</fieldentry>
            </qtimetadatafield>
            <qtimetadatafield>
              <fieldlabel>original_answer_ids</fieldlabel>
              <fieldentry></fieldentry>
            </qtimetadatafield>
            <qtimetadatafield>
              <fieldlabel>assessment_question_identifierref</fieldlabel>
              <fieldentry>text2qti_question_ref_907bf613eea35daec33f168fe6ddb99f2a4241c0ea3e79a44948d522c95d8b45</fieldentry>
            </qtimetadatafield>
          </qtimetadata>
        </itemmetadata>
        <presentation>
          <material>
            <mattext texttype="text/html">&lt;h1&gt;ds006&lt;/h1&gt;
&lt;p&gt;For assignment 1 you have been allocated the dataset &amp;lsquo;ds006&amp;rsquo; (Mental Health in Tech Survey summary). 
&lt;p&gt;You MUST use this dataset for your assignment.
&lt;/p&gt;&lt;/p&gt;
&lt;p&gt;You can get your dataset from &lt;i&gt;https://data.world/quanticdata/mental-health-in-tech-survey&lt;/i&gt;
&lt;/p&gt;
&lt;p&gt;The file(s) is called 'survey.csv' and is 296.57 KB in size.
&lt;/p&gt;
&lt;p&gt;It contains data about Results from mental health survey for workers in tech industry in US. Subject Area: HEALTH.
&lt;/p&gt;
&lt;p&gt;&lt;b&gt;You MUST type or copy/paste &lt;span style='background-color:yellow'&gt;ds006&lt;/span&gt; in the box below to confirm you have read this question and understand which dataset you must use.&lt;/b&gt;
&lt;/p&gt;
&lt;p&gt;This is essential for your assignment to be considered valid.
&lt;/p&gt;
&lt;p&gt;If you have any problems with downloading or using the dataset please raise this on Slack in the #Assignments channel
&lt;/p&gt;
&lt;p&gt;The full assignment (and the place where you will submit your work) is at: https://herts.instructure.com/courses/124322/assignments/382268&lt;/p&gt;</mattext>
          </material>
          <response_str ident="response1" rcardinality="Single">
            <render_fib>
              <response_label ident="answer1" rshuffle="No"/>
            </render_fib>
          </response_str>
        </presentation>
        <resprocessing>
          <outcomes>
            <decvar maxvalue="100" minvalue="0" varname="SCORE" vartype="Decimal"/>
          </outcomes>
          <respcondition continue="No">
            <conditionvar>
              <other/>
            </conditionvar>
          </respcondition>
          <respcondition continue="Yes">
            <conditionvar>
              <other/>
            </conditionvar>
            <displayfeedback feedbacktype="Response" linkrefid="general_fb"/>
          </respcondition>
        </resprocessing>
        <itemfeedback ident="general_fb">
          <flow_mat>
            <material>
              <mattext texttype="text/html">&lt;p&gt;Go back to assignment 1 at: https://herts.instructure.com/courses/124322/assignments/382268 where the full requirements are laid out&lt;/p&gt;</mattext>
            </material>
          </flow_mat>
        </itemfeedback>
      </item>
      <item ident="text2qti_question_74d026e2a31dadcc6fde18e775a744430a44136621c217c6207b8e21c87de922" title="Question">
        <itemmetadata>
          <qtimetadata>
            <qtimetadatafield>
              <fieldlabel>question_type</fieldlabel>
              <fieldentry>essay_question</fieldentry>
            </qtimetadatafield>
            <qtimetadatafield>
              <fieldlabel>points_possible</fieldlabel>
              <fieldentry>1</fieldentry>
            </qtimetadatafield>
            <qtimetadatafield>
              <fieldlabel>original_answer_ids</fieldlabel>
              <fieldentry></fieldentry>
            </qtimetadatafield>
            <qtimetadatafield>
              <fieldlabel>assessment_question_identifierref</fieldlabel>
              <fieldentry>text2qti_question_ref_74d026e2a31dadcc6fde18e775a744430a44136621c217c6207b8e21c87de922</fieldentry>
            </qtimetadatafield>
          </qtimetadata>
        </itemmetadata>
        <presentation>
          <material>
            <mattext texttype="text/html">&lt;h1&gt;ds007&lt;/h1&gt;
&lt;p&gt;For assignment 1 you have been allocated the dataset &amp;lsquo;ds007&amp;rsquo; (Stockport Secondary School Attendance and Free School Meals). 
&lt;p&gt;You MUST use this dataset for your assignment.
&lt;/p&gt;&lt;/p&gt;
&lt;p&gt;You can get your dataset from &lt;i&gt;https://data.world/datagov-uk/9aa522bb-bab4-4352-9e76-a47bd32139fc&lt;/i&gt;
&lt;/p&gt;
&lt;p&gt;The file(s) is called 'secondary-free-school-meals-csv-1.csv AND secondary-attendance-csv-2.csv' and is 19.55 KB in size.
&lt;/p&gt;
&lt;p&gt;It contains data about Attendance and free meal eligibility for secondary school students in Stockport.. Subject Area: EDUCATION.
&lt;/p&gt;
&lt;p&gt;&lt;b&gt;You MUST type or copy/paste &lt;span style='background-color:yellow'&gt;ds007&lt;/span&gt; in the box below to confirm you have read this question and understand which dataset you must use.&lt;/b&gt;
&lt;/p&gt;
&lt;p&gt;This is essential for your assignment to be considered valid.
&lt;/p&gt;
&lt;p&gt;If you have any problems with downloading or using the dataset please raise this on Slack in the #Assignments channel
&lt;/p&gt;
&lt;p&gt;The full assignment (and the place where you will submit your work) is at: https://herts.instructure.com/courses/124322/assignments/382268&lt;/p&gt;</mattext>
          </material>
          <response_str ident="response1" rcardinality="Single">
            <render_fib>
              <response_label ident="answer1" rshuffle="No"/>
            </render_fib>
          </response_str>
        </presentation>
        <resprocessing>
          <outcomes>
            <decvar maxvalue="100" minvalue="0" varname="SCORE" vartype="Decimal"/>
          </outcomes>
          <respcondition continue="No">
            <conditionvar>
              <other/>
            </conditionvar>
          </respcondition>
          <respcondition continue="Yes">
            <conditionvar>
              <other/>
            </conditionvar>
            <displayfeedback feedbacktype="Response" linkrefid="general_fb"/>
          </respcondition>
        </resprocessing>
        <itemfeedback ident="general_fb">
          <flow_mat>
            <material>
              <mattext texttype="text/html">&lt;p&gt;Go back to assignment 1 at: https://herts.instructure.com/courses/124322/assignments/382268 where the full requirements are laid out&lt;/p&gt;</mattext>
            </material>
          </flow_mat>
        </itemfeedback>
      </item>
      <item ident="text2qti_question_227155ccfc0ce3b23b6f4f86775706d6091e25268ec34dc602f9031297efa73e" title="Question">
        <itemmetadata>
          <qtimetadata>
            <qtimetadatafield>
              <fieldlabel>question_type</fieldlabel>
              <fieldentry>essay_question</fieldentry>
            </qtimetadatafield>
            <qtimetadatafield>
              <fieldlabel>points_possible</fieldlabel>
              <fieldentry>1</fieldentry>
            </qtimetadatafield>
            <qtimetadatafield>
              <fieldlabel>original_answer_ids</fieldlabel>
              <fieldentry></fieldentry>
            </qtimetadatafield>
            <qtimetadatafield>
              <fieldlabel>assessment_question_identifierref</fieldlabel>
              <fieldentry>text2qti_question_ref_227155ccfc0ce3b23b6f4f86775706d6091e25268ec34dc602f9031297efa73e</fieldentry>
            </qtimetadatafield>
          </qtimetadata>
        </itemmetadata>
        <presentation>
          <material>
            <mattext texttype="text/html">&lt;h1&gt;ds008&lt;/h1&gt;
&lt;p&gt;For assignment 1 you have been allocated the dataset &amp;lsquo;ds008&amp;rsquo; (Activity History). 
&lt;p&gt;You MUST use this dataset for your assignment.
&lt;/p&gt;&lt;/p&gt;
&lt;p&gt;You can get your dataset from &lt;i&gt;https://data.world/jarnoma/activity-history&lt;/i&gt;
&lt;/p&gt;
&lt;p&gt;The file(s) is called 'ACTIVITIESdata.csv' and is 64.45 KB in size.
&lt;/p&gt;
&lt;p&gt;It contains data about Different type of physical activity data with heart rate and calories burned. Subject Area: HEALTH.
&lt;/p&gt;
&lt;p&gt;&lt;b&gt;You MUST type or copy/paste &lt;span style='background-color:yellow'&gt;ds008&lt;/span&gt; in the box below to confirm you have read this question and understand which dataset you must use.&lt;/b&gt;
&lt;/p&gt;
&lt;p&gt;This is essential for your assignment to be considered valid.
&lt;/p&gt;
&lt;p&gt;If you have any problems with downloading or using the dataset please raise this on Slack in the #Assignments channel
&lt;/p&gt;
&lt;p&gt;The full assignment (and the place where you will submit your work) is at: https://herts.instructure.com/courses/124322/assignments/382268&lt;/p&gt;</mattext>
          </material>
          <response_str ident="response1" rcardinality="Single">
            <render_fib>
              <response_label ident="answer1" rshuffle="No"/>
            </render_fib>
          </response_str>
        </presentation>
        <resprocessing>
          <outcomes>
            <decvar maxvalue="100" minvalue="0" varname="SCORE" vartype="Decimal"/>
          </outcomes>
          <respcondition continue="No">
            <conditionvar>
              <other/>
            </conditionvar>
          </respcondition>
          <respcondition continue="Yes">
            <conditionvar>
              <other/>
            </conditionvar>
            <displayfeedback feedbacktype="Response" linkrefid="general_fb"/>
          </respcondition>
        </resprocessing>
        <itemfeedback ident="general_fb">
          <flow_mat>
            <material>
              <mattext texttype="text/html">&lt;p&gt;Go back to assignment 1 at: https://herts.instructure.com/courses/124322/assignments/382268 where the full requirements are laid out&lt;/p&gt;</mattext>
            </material>
          </flow_mat>
        </itemfeedback>
      </item>
      <item ident="text2qti_question_64f87d8caf701291232a2ed8db5d54b967c31e997feeac52249b9fc4f51d3bbf" title="Question">
        <itemmetadata>
          <qtimetadata>
            <qtimetadatafield>
              <fieldlabel>question_type</fieldlabel>
              <fieldentry>essay_question</fieldentry>
            </qtimetadatafield>
            <qtimetadatafield>
              <fieldlabel>points_possible</fieldlabel>
              <fieldentry>1</fieldentry>
            </qtimetadatafield>
            <qtimetadatafield>
              <fieldlabel>original_answer_ids</fieldlabel>
              <fieldentry></fieldentry>
            </qtimetadatafield>
            <qtimetadatafield>
              <fieldlabel>assessment_question_identifierref</fieldlabel>
              <fieldentry>text2qti_question_ref_64f87d8caf701291232a2ed8db5d54b967c31e997feeac52249b9fc4f51d3bbf</fieldentry>
            </qtimetadatafield>
          </qtimetadata>
        </itemmetadata>
        <presentation>
          <material>
            <mattext texttype="text/html">&lt;h1&gt;ds009&lt;/h1&gt;
&lt;p&gt;For assignment 1 you have been allocated the dataset &amp;lsquo;ds009&amp;rsquo; (Olympic medals &amp;amp; host cities summary). 
&lt;p&gt;You MUST use this dataset for your assignment.
&lt;/p&gt;&lt;/p&gt;
&lt;p&gt;You can get your dataset from &lt;i&gt;https://data.world/ian/olympic-medals-host-cities&lt;/i&gt;
&lt;/p&gt;
&lt;p&gt;The file(s) is called 'Summer Olympics medal count, participation, hosting - Sheet2.csv' and is 2.43 KB in size.
&lt;/p&gt;
&lt;p&gt;It contains data about Number of times each country has hosted the Summer olympics, medals won and games played.. Subject Area: SPORTS.
&lt;/p&gt;
&lt;p&gt;&lt;b&gt;You MUST type or copy/paste &lt;span style='background-color:yellow'&gt;ds009&lt;/span&gt; in the box below to confirm you have read this question and understand which dataset you must use.&lt;/b&gt;
&lt;/p&gt;
&lt;p&gt;This is essential for your assignment to be considered valid.
&lt;/p&gt;
&lt;p&gt;If you have any problems with downloading or using the dataset please raise this on Slack in the #Assignments channel
&lt;/p&gt;
&lt;p&gt;The full assignment (and the place where you will submit your work) is at: https://herts.instructure.com/courses/124322/assignments/382268&lt;/p&gt;</mattext>
          </material>
          <response_str ident="response1" rcardinality="Single">
            <render_fib>
              <response_label ident="answer1" rshuffle="No"/>
            </render_fib>
          </response_str>
        </presentation>
        <resprocessing>
          <outcomes>
            <decvar maxvalue="100" minvalue="0" varname="SCORE" vartype="Decimal"/>
          </outcomes>
          <respcondition continue="No">
            <conditionvar>
              <other/>
            </conditionvar>
          </respcondition>
          <respcondition continue="Yes">
            <conditionvar>
              <other/>
            </conditionvar>
            <displayfeedback feedbacktype="Response" linkrefid="general_fb"/>
          </respcondition>
        </resprocessing>
        <itemfeedback ident="general_fb">
          <flow_mat>
            <material>
              <mattext texttype="text/html">&lt;p&gt;Go back to assignment 1 at: https://herts.instructure.com/courses/124322/assignments/382268 where the full requirements are laid out&lt;/p&gt;</mattext>
            </material>
          </flow_mat>
        </itemfeedback>
      </item>
      <item ident="text2qti_question_0219b6a260dadac3a03df1af8e7885d8a18790de582a674ff1cd5aac22583fe6" title="Question">
        <itemmetadata>
          <qtimetadata>
            <qtimetadatafield>
              <fieldlabel>question_type</fieldlabel>
              <fieldentry>essay_question</fieldentry>
            </qtimetadatafield>
            <qtimetadatafield>
              <fieldlabel>points_possible</fieldlabel>
              <fieldentry>1</fieldentry>
            </qtimetadatafield>
            <qtimetadatafield>
              <fieldlabel>original_answer_ids</fieldlabel>
              <fieldentry></fieldentry>
            </qtimetadatafield>
            <qtimetadatafield>
              <fieldlabel>assessment_question_identifierref</fieldlabel>
              <fieldentry>text2qti_question_ref_0219b6a260dadac3a03df1af8e7885d8a18790de582a674ff1cd5aac22583fe6</fieldentry>
            </qtimetadatafield>
          </qtimetadata>
        </itemmetadata>
        <presentation>
          <material>
            <mattext texttype="text/html">&lt;h1&gt;ds010&lt;/h1&gt;
&lt;p&gt;For assignment 1 you have been allocated the dataset &amp;lsquo;ds010&amp;rsquo; ([CONTENT WARNING] Breast Cancer Wisconsin summary). 
&lt;p&gt;You MUST use this dataset for your assignment.
&lt;/p&gt;&lt;/p&gt;
&lt;p&gt;You can get your dataset from &lt;i&gt;https://data.world/health/breast-cancer-wisconsin&lt;/i&gt;
&lt;/p&gt;
&lt;p&gt;The file(s) is called 'breast-cancer-wisconsin-data/data.csv' and is 122.27 KB in size.
&lt;/p&gt;
&lt;p&gt;It contains data about Characteristics of cell nuclei from breast cancer screenings.. Subject Area: HEALTH.
&lt;/p&gt;
&lt;p&gt;&lt;b&gt;You MUST type or copy/paste &lt;span style='background-color:yellow'&gt;ds010&lt;/span&gt; in the box below to confirm you have read this question and understand which dataset you must use.&lt;/b&gt;
&lt;/p&gt;
&lt;p&gt;This is essential for your assignment to be considered valid.
&lt;/p&gt;
&lt;p&gt;If you have any problems with downloading or using the dataset please raise this on Slack in the #Assignments channel
&lt;/p&gt;
&lt;p&gt;The full assignment (and the place where you will submit your work) is at: https://herts.instructure.com/courses/124322/assignments/382268&lt;/p&gt;</mattext>
          </material>
          <response_str ident="response1" rcardinality="Single">
            <render_fib>
              <response_label ident="answer1" rshuffle="No"/>
            </render_fib>
          </response_str>
        </presentation>
        <resprocessing>
          <outcomes>
            <decvar maxvalue="100" minvalue="0" varname="SCORE" vartype="Decimal"/>
          </outcomes>
          <respcondition continue="No">
            <conditionvar>
              <other/>
            </conditionvar>
          </respcondition>
          <respcondition continue="Yes">
            <conditionvar>
              <other/>
            </conditionvar>
            <displayfeedback feedbacktype="Response" linkrefid="general_fb"/>
          </respcondition>
        </resprocessing>
        <itemfeedback ident="general_fb">
          <flow_mat>
            <material>
              <mattext texttype="text/html">&lt;p&gt;Go back to assignment 1 at: https://herts.instructure.com/courses/124322/assignments/382268 where the full requirements are laid out&lt;/p&gt;</mattext>
            </material>
          </flow_mat>
        </itemfeedback>
      </item>
    </section>
  </assessment>
</questestinterop>
